OverallQual,GrLivArea,GarageCars,ExterQual,GarageArea,BsmtQual,TotalBsmtSF,1stFlrSF,KitchenQual,FullBath,SalePrice
7.0,1710.0,2.0,2,548.0,2,856.0,856.0,2,2.0,208500.0
6.0,1262.0,2.0,3,460.0,2,1262.0,1262.0,3,2.0,181500.0
7.0,1786.0,2.0,2,608.0,2,920.0,920.0,2,2.0,223500.0
7.0,1717.0,3.0,3,642.0,3,756.0,961.0,2,1.0,140000.0
8.0,2198.0,3.0,2,836.0,2,1145.0,1145.0,2,2.0,250000.0
5.0,1362.0,2.0,3,480.0,2,796.0,796.0,3,1.0,143000.0
8.0,1694.0,2.0,2,636.0,0,1686.0,1694.0,2,2.0,307000.0
7.0,2090.0,2.0,3,484.0,2,1107.0,1107.0,3,2.0,200000.0
7.0,1774.0,2.0,3,468.0,3,952.0,1022.0,3,2.0,129900.0
5.0,1077.0,1.0,3,205.0,3,991.0,1077.0,3,1.0,118000.0
5.0,1040.0,1.0,3,384.0,3,1040.0,1040.0,3,1.0,129500.0
9.0,2324.0,3.0,0,736.0,0,1175.0,1182.0,0,3.0,345000.0
5.0,912.0,1.0,3,352.0,3,912.0,912.0,3,1.0,144000.0
7.0,1494.0,3.0,2,840.0,2,1494.0,1494.0,2,2.0,279500.0
6.0,1253.0,1.0,3,352.0,3,1253.0,1253.0,3,1.0,157000.0
7.0,854.0,2.0,3,576.0,3,832.0,854.0,3,1.0,132000.0
6.0,1004.0,2.0,3,480.0,3,1004.0,1004.0,3,1.0,149000.0
4.0,1296.0,2.0,3,516.0,3,0.0,1296.0,3,2.0,90000.0
5.0,1114.0,2.0,3,576.0,3,1114.0,1114.0,2,1.0,159000.0
5.0,1339.0,1.0,3,294.0,3,1029.0,1339.0,3,1.0,139000.0
8.0,2376.0,3.0,2,853.0,0,1158.0,1158.0,2,3.0,325300.0
7.0,1108.0,1.0,3,280.0,3,637.0,1108.0,2,1.0,139400.0
8.0,1795.0,2.0,2,534.0,2,1777.0,1795.0,2,2.0,230000.0
5.0,1060.0,2.0,3,572.0,2,1040.0,1060.0,3,1.0,129900.0
5.0,1060.0,1.0,3,270.0,3,1060.0,1060.0,2,1.0,154000.0
8.0,1600.0,3.0,2,890.0,2,1566.0,1600.0,2,2.0,256300.0
5.0,900.0,2.0,3,576.0,3,900.0,900.0,2,1.0,134800.0
8.0,1704.0,3.0,2,772.0,0,1704.0,1704.0,2,2.0,306000.0
5.0,1600.0,1.0,3,319.0,3,1484.0,1600.0,3,1.0,207500.0
4.0,520.0,1.0,3,240.0,3,520.0,520.0,1,1.0,68500.0
4.0,1317.0,1.0,3,250.0,3,649.0,649.0,3,1.0,40000.0
5.0,1228.0,1.0,3,271.0,3,1228.0,1228.0,2,1.0,149350.0
8.0,1234.0,2.0,2,484.0,0,1234.0,1234.0,2,2.0,179900.0
5.0,1700.0,2.0,3,447.0,3,1398.0,1700.0,2,1.0,165500.0
9.0,1561.0,2.0,0,556.0,0,1561.0,1561.0,0,2.0,277500.0
8.0,2452.0,3.0,2,691.0,0,1117.0,1132.0,2,3.0,309000.0
5.0,1097.0,2.0,3,672.0,2,1097.0,1097.0,3,1.0,145000.0
5.0,1297.0,2.0,3,498.0,3,1297.0,1297.0,3,1.0,153000.0
5.0,1057.0,1.0,3,246.0,3,1057.0,1057.0,2,1.0,109000.0
4.0,1152.0,0.0,3,0.0,3,0.0,1152.0,1,2.0,82000.0
6.0,1324.0,2.0,3,440.0,3,1088.0,1324.0,3,2.0,160000.0
5.0,1328.0,1.0,3,308.0,3,1350.0,1328.0,3,1.0,170000.0
5.0,884.0,2.0,3,504.0,2,840.0,884.0,2,1.0,144000.0
5.0,938.0,1.0,3,308.0,2,938.0,938.0,3,1.0,130250.0
5.0,1150.0,1.0,3,300.0,3,1150.0,1150.0,3,1.0,141000.0
9.0,1752.0,2.0,0,576.0,0,1752.0,1752.0,0,2.0,319900.0
7.0,2149.0,2.0,2,670.0,0,1434.0,1518.0,2,1.0,239686.0
8.0,1656.0,3.0,2,826.0,2,1656.0,1656.0,2,2.0,249700.0
4.0,1452.0,0.0,3,0.0,3,736.0,736.0,3,2.0,113000.0
5.0,955.0,1.0,3,386.0,3,955.0,955.0,3,1.0,127000.0
6.0,1470.0,2.0,3,388.0,2,794.0,794.0,3,2.0,177000.0
6.0,1176.0,2.0,3,528.0,3,816.0,816.0,3,1.0,114500.0
5.0,816.0,2.0,1,516.0,2,816.0,816.0,3,1.0,110000.0
9.0,1842.0,3.0,2,894.0,0,1842.0,1842.0,2,0.0,385000.0
5.0,1360.0,2.0,3,572.0,3,384.0,1360.0,3,1.0,130000.0
6.0,1425.0,2.0,3,576.0,3,1425.0,1425.0,3,2.0,180500.0
8.0,1739.0,2.0,2,480.0,2,970.0,983.0,2,2.0,172500.0
7.0,1720.0,2.0,2,565.0,2,860.0,860.0,2,2.0,196500.0
10.0,2945.0,3.0,0,641.0,0,1410.0,1426.0,2,3.0,438780.0
5.0,780.0,1.0,3,352.0,3,780.0,780.0,3,1.0,124900.0
6.0,1158.0,2.0,3,576.0,2,1158.0,1158.0,2,1.0,158000.0
5.0,1111.0,1.0,3,288.0,3,530.0,581.0,1,1.0,101000.0
8.0,1370.0,2.0,2,484.0,2,1370.0,1370.0,2,2.0,202500.0
7.0,1710.0,2.0,3,480.0,3,576.0,902.0,3,2.0,140000.0
7.0,2034.0,2.0,3,645.0,2,1057.0,1057.0,2,2.0,219500.0
8.0,2473.0,3.0,2,852.0,0,1143.0,1143.0,2,2.0,317000.0
7.0,2207.0,2.0,3,576.0,2,1947.0,2207.0,3,2.0,180000.0
7.0,1479.0,2.0,2,558.0,2,1453.0,1479.0,2,2.0,226000.0
4.0,747.0,1.0,3,220.0,3,747.0,747.0,3,1.0,80000.0
7.0,2287.0,2.0,2,667.0,3,1304.0,1304.0,3,2.0,225000.0
7.0,2223.0,2.0,3,516.0,2,2223.0,2223.0,3,2.0,244000.0
4.0,845.0,2.0,3,360.0,3,845.0,845.0,3,1.0,129500.0
7.0,1718.0,2.0,3,427.0,2,832.0,885.0,3,2.0,185000.0
5.0,1086.0,2.0,3,490.0,3,1086.0,1086.0,3,1.0,144900.0
3.0,1605.0,1.0,2,379.0,1,840.0,840.0,3,2.0,107400.0
4.0,988.0,1.0,3,297.0,2,462.0,526.0,3,1.0,91000.0
4.0,952.0,1.0,3,283.0,3,952.0,952.0,3,1.0,135750.0
5.0,1285.0,1.0,3,240.0,3,672.0,1072.0,3,1.0,127000.0
4.0,1768.0,0.0,3,0.0,3,1768.0,1768.0,3,2.0,136500.0
5.0,1230.0,2.0,3,440.0,3,440.0,682.0,3,1.0,110000.0
6.0,2142.0,1.0,3,509.0,2,896.0,1182.0,2,2.0,193500.0
6.0,1337.0,2.0,3,405.0,0,1237.0,1337.0,3,2.0,153500.0
8.0,1563.0,3.0,3,758.0,2,1563.0,1563.0,2,2.0,245000.0
5.0,1065.0,2.0,3,461.0,3,1065.0,1065.0,3,1.0,126500.0
7.0,1474.0,2.0,3,400.0,2,384.0,804.0,3,2.0,168500.0
8.0,2417.0,2.0,2,462.0,2,1288.0,1301.0,2,2.0,260000.0
6.0,1560.0,2.0,2,400.0,2,684.0,684.0,2,2.0,174000.0
6.0,1224.0,2.0,2,528.0,2,612.0,612.0,2,2.0,164500.0
3.0,1526.0,0.0,1,0.0,3,1013.0,1013.0,1,1.0,85000.0
4.0,990.0,0.0,3,0.0,2,990.0,990.0,3,1.0,123600.0
4.0,1040.0,2.0,3,420.0,3,0.0,1040.0,3,1.0,109900.0
5.0,1235.0,2.0,3,480.0,3,1235.0,1235.0,3,1.0,98600.0
5.0,964.0,2.0,3,432.0,2,876.0,964.0,3,1.0,163500.0
6.0,2291.0,2.0,3,506.0,3,1214.0,1260.0,3,2.0,133900.0
6.0,1786.0,2.0,3,684.0,2,824.0,905.0,2,2.0,204750.0
6.0,1470.0,2.0,0,420.0,2,680.0,680.0,3,2.0,185000.0
7.0,1588.0,2.0,2,472.0,2,1588.0,1588.0,2,2.0,214000.0
4.0,960.0,1.0,3,432.0,3,960.0,960.0,3,1.0,94750.0
5.0,835.0,1.0,3,366.0,3,458.0,835.0,3,1.0,83000.0
4.0,1225.0,0.0,3,0.0,3,950.0,1225.0,3,1.0,128950.0
6.0,1610.0,2.0,3,480.0,3,1610.0,1610.0,2,2.0,205000.0
6.0,1732.0,2.0,2,476.0,2,741.0,977.0,2,2.0,178000.0
5.0,1535.0,2.0,3,410.0,3,0.0,1535.0,3,2.0,118964.0
7.0,1226.0,3.0,3,740.0,2,1226.0,1226.0,2,2.0,198900.0
7.0,1818.0,1.0,3,240.0,3,1040.0,1226.0,3,1.0,169500.0
8.0,1992.0,2.0,2,648.0,0,1053.0,1053.0,2,2.0,250000.0
4.0,1047.0,1.0,3,273.0,1,641.0,1047.0,3,1.0,100000.0
5.0,789.0,1.0,3,250.0,3,789.0,789.0,3,1.0,115000.0
5.0,1517.0,0.0,3,0.0,3,793.0,997.0,1,2.0,115000.0
6.0,1844.0,2.0,3,546.0,2,1844.0,1844.0,3,2.0,190000.0
6.0,1855.0,1.0,3,325.0,3,994.0,1216.0,3,2.0,136900.0
7.0,1430.0,2.0,3,400.0,2,384.0,774.0,3,2.0,180000.0
7.0,2696.0,3.0,2,792.0,0,1264.0,1282.0,0,2.0,383970.0
6.0,2259.0,2.0,3,450.0,2,1809.0,2259.0,2,2.0,217000.0
6.0,2320.0,1.0,3,180.0,3,1028.0,1436.0,2,2.0,259500.0
6.0,1458.0,2.0,3,440.0,2,729.0,729.0,3,2.0,176000.0
5.0,1092.0,1.0,3,288.0,3,1092.0,1092.0,3,1.0,139000.0
5.0,1125.0,2.0,3,430.0,2,1125.0,1125.0,3,1.0,155000.0
7.0,3222.0,3.0,3,594.0,2,1673.0,1699.0,2,3.0,320000.0
6.0,1456.0,2.0,2,390.0,2,728.0,728.0,2,2.0,163990.0
6.0,988.0,2.0,3,540.0,3,938.0,988.0,3,1.0,180000.0
4.0,1123.0,1.0,3,264.0,3,732.0,772.0,3,1.0,100000.0
6.0,1080.0,1.0,3,288.0,3,1080.0,1080.0,3,1.0,136000.0
6.0,1199.0,2.0,2,530.0,2,1199.0,1199.0,2,2.0,153900.0
6.0,1586.0,2.0,3,435.0,2,1362.0,1586.0,3,2.0,181000.0
6.0,754.0,0.0,3,0.0,3,520.0,520.0,3,1.0,84500.0
6.0,958.0,2.0,3,440.0,2,1078.0,958.0,3,2.0,128000.0
5.0,840.0,0.0,3,0.0,3,672.0,840.0,3,1.0,87000.0
6.0,1348.0,2.0,3,453.0,3,660.0,660.0,3,1.0,155000.0
5.0,1053.0,2.0,3,750.0,3,1008.0,1053.0,0,1.0,150000.0
7.0,2157.0,2.0,3,487.0,3,924.0,1216.0,2,2.0,226000.0
6.0,2054.0,2.0,2,390.0,2,992.0,1022.0,2,2.0,244000.0
5.0,1327.0,2.0,3,624.0,3,1063.0,1327.0,2,1.0,150750.0
8.0,1296.0,2.0,2,471.0,0,1267.0,1296.0,2,2.0,220000.0
5.0,1721.0,2.0,3,440.0,3,1461.0,1721.0,3,2.0,180000.0
7.0,1682.0,2.0,3,530.0,3,1304.0,1682.0,3,2.0,174000.0
5.0,1214.0,1.0,3,318.0,3,1214.0,1214.0,3,2.0,143000.0
7.0,1959.0,3.0,3,766.0,3,1907.0,1959.0,3,3.0,171000.0
8.0,1852.0,3.0,2,660.0,2,1004.0,1004.0,2,2.0,230000.0
6.0,1764.0,2.0,3,470.0,2,928.0,928.0,2,2.0,231500.0
4.0,864.0,0.0,3,0.0,3,864.0,864.0,3,1.0,115000.0
7.0,1734.0,2.0,2,660.0,2,1734.0,1734.0,2,2.0,260000.0
5.0,1385.0,2.0,3,720.0,3,910.0,910.0,3,2.0,166000.0
7.0,1501.0,2.0,2,577.0,2,1490.0,1501.0,2,2.0,204000.0
5.0,1728.0,2.0,3,504.0,3,1728.0,1728.0,3,2.0,125000.0
6.0,1709.0,2.0,2,380.0,2,970.0,970.0,2,2.0,130000.0
5.0,875.0,1.0,3,180.0,3,715.0,875.0,3,1.0,105000.0
7.0,2035.0,2.0,2,434.0,2,884.0,884.0,2,2.0,222500.0
7.0,1080.0,0.0,3,0.0,2,1080.0,1080.0,2,1.0,141000.0
5.0,1344.0,1.0,3,240.0,2,896.0,896.0,3,1.0,115000.0
5.0,969.0,2.0,3,440.0,3,969.0,969.0,3,1.0,122000.0
8.0,1710.0,3.0,2,866.0,0,1710.0,1710.0,2,2.0,372402.0
6.0,1993.0,2.0,3,495.0,3,825.0,1097.0,3,2.0,190000.0
6.0,1252.0,2.0,3,564.0,2,1602.0,1252.0,3,1.0,235000.0
6.0,1200.0,1.0,3,312.0,3,1200.0,1200.0,3,1.0,125000.0
6.0,1096.0,0.0,3,0.0,3,572.0,572.0,3,1.0,79000.0
5.0,1040.0,2.0,3,625.0,3,0.0,1040.0,3,1.0,109500.0
8.0,1968.0,3.0,2,680.0,0,774.0,774.0,0,2.0,269500.0
7.0,1947.0,2.0,2,678.0,2,991.0,991.0,2,2.0,254900.0
7.0,2462.0,2.0,2,576.0,2,1392.0,1392.0,2,2.0,320000.0
6.0,1232.0,2.0,3,516.0,2,1232.0,1232.0,3,2.0,162500.0
9.0,2668.0,3.0,2,726.0,0,1572.0,1572.0,0,2.0,412500.0
7.0,1541.0,2.0,2,532.0,2,1541.0,1541.0,2,2.0,220000.0
4.0,882.0,0.0,3,0.0,3,882.0,882.0,3,1.0,103200.0
6.0,1616.0,1.0,3,216.0,3,1149.0,1149.0,2,2.0,152000.0
5.0,1355.0,0.0,3,0.0,3,644.0,808.0,3,2.0,127500.0
5.0,1867.0,1.0,2,303.0,3,1617.0,1867.0,3,1.0,190000.0
8.0,2161.0,3.0,2,789.0,0,1582.0,1610.0,0,1.0,325624.0
7.0,1720.0,2.0,2,440.0,2,840.0,840.0,2,2.0,183500.0
8.0,1707.0,2.0,2,511.0,2,1686.0,1707.0,3,2.0,228000.0
5.0,1382.0,2.0,3,660.0,3,720.0,854.0,3,1.0,128500.0
6.0,1656.0,2.0,3,528.0,3,1080.0,1656.0,3,1.0,215000.0
7.0,1767.0,2.0,2,504.0,2,1064.0,1064.0,2,2.0,239000.0
6.0,1362.0,2.0,3,504.0,3,1362.0,1362.0,3,1.0,163000.0
6.0,1651.0,2.0,3,616.0,2,1606.0,1651.0,3,2.0,184000.0
6.0,2158.0,2.0,3,576.0,3,1202.0,2158.0,2,2.0,243000.0
6.0,2060.0,2.0,2,521.0,2,1151.0,1164.0,3,2.0,211000.0
5.0,1920.0,2.0,2,451.0,3,1052.0,1252.0,2,2.0,172500.0
9.0,2234.0,3.0,0,1166.0,0,2216.0,2234.0,0,2.0,501837.0
5.0,968.0,2.0,2,480.0,3,968.0,968.0,3,1.0,100000.0
6.0,1525.0,2.0,2,440.0,2,756.0,769.0,2,2.0,177000.0
7.0,1802.0,1.0,3,216.0,1,793.0,901.0,3,1.0,200100.0
5.0,1340.0,1.0,3,252.0,3,0.0,1340.0,3,1.0,120000.0
7.0,2082.0,2.0,3,484.0,2,1362.0,1362.0,2,2.0,200000.0
5.0,1252.0,2.0,3,576.0,1,504.0,936.0,3,1.0,127000.0
10.0,3608.0,3.0,2,840.0,3,1107.0,1518.0,0,2.0,475000.0
7.0,1217.0,2.0,3,497.0,2,1188.0,1217.0,2,2.0,173000.0
5.0,1656.0,1.0,3,180.0,1,660.0,808.0,3,2.0,135000.0
5.0,1224.0,2.0,3,528.0,2,1086.0,1224.0,3,0.0,153337.0
8.0,1593.0,2.0,2,682.0,0,1593.0,1593.0,0,1.0,286000.0
8.0,2727.0,2.0,2,440.0,2,853.0,1549.0,2,2.0,315000.0
7.0,1479.0,2.0,3,484.0,3,725.0,725.0,2,1.0,184000.0
7.0,1431.0,2.0,2,666.0,2,1431.0,1431.0,2,2.0,192000.0
7.0,1709.0,2.0,2,380.0,2,970.0,970.0,2,2.0,130000.0
5.0,864.0,1.0,3,352.0,3,864.0,864.0,3,1.0,127000.0
6.0,1456.0,2.0,3,440.0,2,855.0,855.0,3,2.0,148500.0
7.0,1726.0,3.0,0,786.0,0,1726.0,1726.0,0,2.0,311872.0
8.0,3112.0,2.0,2,795.0,3,1360.0,1360.0,2,2.0,235000.0
6.0,2229.0,0.0,3,0.0,3,755.0,929.0,3,1.0,104000.0
8.0,1713.0,3.0,2,856.0,0,1713.0,1713.0,0,2.0,274900.0
4.0,1121.0,2.0,3,440.0,2,1121.0,1121.0,3,2.0,140000.0
6.0,1279.0,2.0,3,473.0,3,1196.0,1279.0,3,2.0,171500.0
6.0,1310.0,1.0,3,398.0,1,617.0,865.0,3,2.0,112000.0
6.0,848.0,2.0,2,420.0,2,848.0,848.0,2,1.0,149000.0
5.0,1284.0,1.0,3,240.0,3,720.0,720.0,3,1.0,110000.0
7.0,1442.0,2.0,3,500.0,2,1424.0,1442.0,3,2.0,180500.0
5.0,1696.0,1.0,3,349.0,3,1140.0,1696.0,3,1.0,143900.0
4.0,1100.0,1.0,3,312.0,3,1100.0,1100.0,3,1.0,141000.0
7.0,2062.0,2.0,2,454.0,2,1157.0,1180.0,3,2.0,277000.0
6.0,1092.0,2.0,3,504.0,2,1092.0,1092.0,3,1.0,145000.0
5.0,864.0,0.0,3,0.0,3,864.0,864.0,3,1.0,98000.0
6.0,1212.0,2.0,3,460.0,2,1212.0,1212.0,2,2.0,186000.0
7.0,1852.0,2.0,3,644.0,2,900.0,932.0,2,2.0,252678.0
5.0,990.0,2.0,3,576.0,2,990.0,990.0,3,1.0,156000.0
6.0,1392.0,1.0,3,299.0,2,689.0,689.0,3,1.0,161750.0
5.0,1236.0,1.0,3,447.0,3,1070.0,1236.0,2,1.0,134450.0
7.0,1436.0,2.0,2,484.0,2,1436.0,1436.0,2,2.0,210000.0
4.0,1328.0,1.0,3,210.0,3,686.0,810.0,3,1.0,107000.0
7.0,1954.0,2.0,2,431.0,3,798.0,1137.0,2,1.0,311500.0
7.0,1248.0,2.0,2,438.0,2,1248.0,1248.0,2,2.0,167240.0
7.0,1498.0,2.0,2,675.0,2,1498.0,1498.0,2,2.0,204900.0
6.0,2267.0,2.0,2,390.0,2,1010.0,1010.0,2,2.0,200000.0
6.0,1552.0,2.0,3,434.0,2,713.0,811.0,3,2.0,179900.0
4.0,864.0,2.0,3,576.0,3,864.0,864.0,3,1.0,97000.0
10.0,2392.0,3.0,0,968.0,0,2392.0,2392.0,0,2.0,386250.0
5.0,1302.0,1.0,3,280.0,3,630.0,630.0,3,2.0,112000.0
7.0,2520.0,3.0,2,721.0,2,1203.0,1214.0,2,2.0,290000.0
6.0,987.0,1.0,3,280.0,3,483.0,483.0,3,1.0,106000.0
5.0,912.0,1.0,3,336.0,3,912.0,912.0,3,1.0,125000.0
7.0,1555.0,2.0,2,430.0,2,1373.0,1555.0,2,2.0,192500.0
6.0,1194.0,1.0,3,312.0,3,1194.0,1194.0,3,1.0,148000.0
8.0,2794.0,3.0,2,810.0,2,1462.0,1490.0,0,2.0,403000.0
6.0,987.0,1.0,3,288.0,3,483.0,483.0,3,1.0,94500.0
5.0,894.0,1.0,3,308.0,3,894.0,894.0,3,1.0,128200.0
6.0,1960.0,2.0,2,440.0,2,860.0,860.0,2,2.0,216500.0
6.0,987.0,1.0,3,264.0,3,483.0,483.0,3,1.0,89500.0
7.0,1414.0,2.0,2,494.0,2,1414.0,1414.0,2,2.0,185500.0
7.0,1744.0,2.0,2,457.0,2,996.0,1014.0,2,2.0,194500.0
8.0,1694.0,3.0,0,818.0,0,1694.0,1694.0,2,2.0,318000.0
6.0,1487.0,1.0,3,220.0,3,735.0,798.0,3,1.0,113000.0
8.0,1566.0,2.0,2,750.0,2,1566.0,1566.0,2,2.0,262500.0
5.0,866.0,0.0,3,0.0,3,686.0,866.0,2,1.0,110500.0
5.0,1440.0,1.0,3,352.0,3,540.0,889.0,3,1.0,79000.0
6.0,1217.0,1.0,3,288.0,2,626.0,626.0,3,1.0,120000.0
7.0,2110.0,2.0,2,463.0,2,948.0,1222.0,2,2.0,205000.0
7.0,1872.0,2.0,3,604.0,2,1845.0,1872.0,3,2.0,241500.0
6.0,1928.0,1.0,3,440.0,1,1020.0,908.0,1,2.0,137000.0
6.0,1375.0,2.0,3,451.0,3,1367.0,1375.0,3,1.0,140000.0
7.0,1668.0,2.0,2,500.0,2,840.0,840.0,2,2.0,180000.0
6.0,2144.0,2.0,2,389.0,2,1444.0,1444.0,2,2.0,277000.0
3.0,1306.0,0.0,3,0.0,3,728.0,1306.0,1,1.0,76500.0
8.0,1625.0,2.0,2,538.0,2,1573.0,1625.0,2,2.0,235000.0
6.0,1640.0,2.0,2,520.0,2,798.0,798.0,2,2.0,173000.0
6.0,1302.0,1.0,3,309.0,2,1302.0,1302.0,2,2.0,158000.0
5.0,1314.0,1.0,3,294.0,3,1314.0,1314.0,3,1.0,145000.0
7.0,2291.0,2.0,2,429.0,2,975.0,1005.0,2,2.0,230000.0
6.0,1728.0,2.0,2,673.0,2,864.0,864.0,2,2.0,207500.0
7.0,1604.0,2.0,2,660.0,2,1604.0,1604.0,2,2.0,220000.0
7.0,1792.0,2.0,2,564.0,2,963.0,963.0,2,2.0,231500.0
5.0,882.0,1.0,3,308.0,3,0.0,882.0,3,1.0,97000.0
6.0,1382.0,2.0,3,884.0,3,1362.0,1382.0,3,1.0,176000.0
8.0,2574.0,3.0,2,868.0,0,1482.0,1482.0,0,2.0,276000.0
6.0,1212.0,2.0,3,492.0,2,506.0,1212.0,3,1.0,151000.0
5.0,1316.0,2.0,3,484.0,3,926.0,926.0,3,1.0,130000.0
5.0,764.0,2.0,3,504.0,1,680.0,764.0,3,1.0,73000.0
6.0,1422.0,2.0,3,576.0,2,1422.0,1422.0,2,2.0,175500.0
6.0,1511.0,2.0,3,413.0,2,802.0,802.0,3,2.0,185000.0
5.0,2192.0,1.0,3,240.0,3,720.0,1052.0,2,2.0,179500.0
5.0,778.0,1.0,3,924.0,3,740.0,778.0,3,1.0,120500.0
6.0,1113.0,1.0,3,504.0,3,1143.0,1113.0,3,1.0,148000.0
8.0,1939.0,3.0,2,1053.0,2,1095.0,1095.0,2,2.0,266000.0
7.0,1363.0,2.0,3,439.0,2,1385.0,1363.0,3,1.0,241500.0
8.0,2270.0,3.0,2,671.0,2,1152.0,1164.0,2,2.0,290000.0
6.0,1632.0,1.0,3,338.0,3,1240.0,1632.0,3,2.0,139000.0
5.0,816.0,1.0,3,264.0,3,816.0,816.0,3,1.0,124500.0
7.0,1548.0,2.0,2,672.0,3,952.0,952.0,0,2.0,205000.0
7.0,1560.0,2.0,2,573.0,0,1560.0,1560.0,2,2.0,201000.0
4.0,864.0,2.0,3,400.0,3,864.0,864.0,3,1.0,141000.0
9.0,2121.0,3.0,0,732.0,0,2121.0,2121.0,0,2.0,415298.0
7.0,2022.0,2.0,3,505.0,2,1160.0,1156.0,3,2.0,192000.0
7.0,1982.0,2.0,2,575.0,2,807.0,1175.0,2,2.0,228500.0
6.0,1262.0,2.0,2,572.0,2,1262.0,1262.0,2,2.0,185000.0
7.0,1314.0,2.0,2,626.0,2,1314.0,1314.0,2,2.0,207500.0
8.0,1468.0,3.0,2,898.0,2,1468.0,1468.0,2,2.0,244600.0
6.0,1575.0,2.0,2,529.0,2,1575.0,1575.0,2,2.0,179200.0
7.0,1250.0,2.0,2,528.0,2,625.0,625.0,2,2.0,164700.0
6.0,1734.0,2.0,3,440.0,3,912.0,1085.0,2,1.0,159000.0
4.0,858.0,0.0,3,0.0,3,858.0,858.0,3,1.0,88000.0
5.0,900.0,1.0,3,280.0,3,882.0,900.0,3,1.0,122000.0
6.0,1396.0,1.0,3,384.0,3,698.0,698.0,3,1.0,153575.0
8.0,1919.0,2.0,2,685.0,2,1079.0,1079.0,2,2.0,233230.0
5.0,1716.0,0.0,3,0.0,3,780.0,936.0,1,2.0,135900.0
5.0,1716.0,1.0,3,281.0,3,768.0,1148.0,3,1.0,131000.0
7.0,2263.0,2.0,3,539.0,3,795.0,1468.0,2,2.0,235000.0
6.0,1644.0,2.0,3,418.0,3,1416.0,1644.0,3,1.0,167000.0
6.0,1003.0,2.0,3,588.0,3,1003.0,1003.0,3,1.0,142500.0
5.0,1558.0,1.0,3,282.0,3,910.0,910.0,3,1.0,152000.0
7.0,1950.0,2.0,2,576.0,2,975.0,975.0,2,2.0,239000.0
6.0,1743.0,2.0,2,539.0,3,702.0,1041.0,3,1.0,175000.0
6.0,1152.0,1.0,3,300.0,3,1092.0,1152.0,2,1.0,158500.0
5.0,1336.0,1.0,3,375.0,3,1165.0,1336.0,3,1.0,157000.0
8.0,2452.0,2.0,2,683.0,2,1028.0,1210.0,2,2.0,267000.0
7.0,1541.0,3.0,2,843.0,2,1541.0,1541.0,2,2.0,205000.0
5.0,894.0,2.0,3,552.0,3,894.0,894.0,3,1.0,149900.0
7.0,3493.0,3.0,3,870.0,3,1470.0,1675.0,2,3.0,295000.0
8.0,2000.0,3.0,2,888.0,2,2000.0,2000.0,2,2.0,305900.0
7.0,2243.0,3.0,2,746.0,2,700.0,1122.0,2,2.0,225000.0
6.0,1406.0,0.0,3,0.0,3,319.0,1035.0,1,1.0,89500.0
4.0,861.0,2.0,3,539.0,3,861.0,861.0,3,1.0,82500.0
9.0,1944.0,3.0,2,708.0,0,1896.0,1944.0,0,2.0,360000.0
6.0,1501.0,2.0,3,420.0,2,697.0,697.0,2,2.0,165600.0
6.0,972.0,1.0,3,240.0,3,972.0,972.0,3,1.0,132000.0
5.0,1118.0,2.0,3,410.0,2,793.0,793.0,3,1.0,119900.0
7.0,2036.0,2.0,3,513.0,2,2136.0,2036.0,3,2.0,375000.0
7.0,1641.0,2.0,3,546.0,3,728.0,832.0,0,1.0,178000.0
7.0,1432.0,2.0,2,432.0,2,716.0,716.0,2,2.0,188500.0
7.0,2353.0,2.0,2,484.0,2,845.0,1153.0,0,2.0,260000.0
8.0,1959.0,3.0,2,1025.0,2,1088.0,1088.0,2,2.0,270000.0
7.0,2646.0,3.0,2,656.0,2,1347.0,1372.0,2,2.0,260000.0
7.0,1472.0,2.0,3,588.0,2,1372.0,1472.0,3,2.0,187500.0
9.0,2596.0,3.0,3,840.0,0,1249.0,1249.0,2,3.0,342643.0
8.0,2468.0,3.0,2,872.0,0,1136.0,1136.0,2,2.0,354000.0
7.0,2730.0,2.0,2,576.0,3,1502.0,1553.0,2,2.0,301000.0
3.0,1163.0,1.0,3,220.0,3,1162.0,1163.0,3,1.0,126175.0
7.0,2978.0,2.0,2,564.0,2,710.0,1898.0,2,2.0,242000.0
5.0,803.0,2.0,3,360.0,3,720.0,803.0,3,1.0,87000.0
8.0,1719.0,2.0,2,473.0,2,1719.0,1719.0,2,1.0,324000.0
6.0,1383.0,1.0,3,292.0,3,1383.0,1383.0,3,1.0,145250.0
6.0,2134.0,2.0,3,441.0,3,844.0,1445.0,2,2.0,214500.0
5.0,1192.0,1.0,3,189.0,3,596.0,596.0,3,1.0,78000.0
5.0,1728.0,1.0,3,352.0,3,1728.0,1728.0,3,2.0,119000.0
5.0,1056.0,1.0,3,308.0,3,1056.0,1056.0,3,1.0,139000.0
8.0,1629.0,3.0,2,880.0,2,3206.0,1629.0,2,2.0,284000.0
7.0,1358.0,2.0,2,484.0,2,1358.0,1358.0,2,2.0,207000.0
6.0,1638.0,2.0,3,472.0,2,943.0,943.0,3,2.0,192000.0
5.0,1786.0,2.0,3,529.0,3,1499.0,1619.0,3,2.0,228950.0
9.0,1922.0,3.0,2,676.0,0,1922.0,1922.0,2,2.0,377426.0
7.0,1536.0,2.0,2,532.0,2,1536.0,1536.0,2,2.0,214000.0
7.0,1621.0,2.0,2,440.0,2,1208.0,1621.0,2,2.0,202500.0
6.0,1215.0,1.0,3,297.0,3,1215.0,1215.0,3,1.0,155000.0
8.0,1908.0,2.0,2,431.0,2,967.0,993.0,2,2.0,202900.0
4.0,841.0,1.0,1,294.0,3,721.0,841.0,3,1.0,82000.0
3.0,1040.0,2.0,3,400.0,3,0.0,1040.0,3,2.0,87500.0
9.0,1684.0,2.0,0,564.0,0,1684.0,1684.0,0,2.0,266000.0
5.0,1112.0,1.0,3,336.0,2,536.0,536.0,3,1.0,85000.0
6.0,1577.0,1.0,3,312.0,3,972.0,972.0,1,1.0,140200.0
6.0,958.0,1.0,3,301.0,3,958.0,958.0,3,1.0,151500.0
6.0,1478.0,2.0,3,498.0,3,1478.0,1478.0,3,2.0,157500.0
7.0,1626.0,2.0,2,474.0,2,764.0,764.0,2,2.0,154000.0
9.0,2728.0,3.0,0,706.0,0,1848.0,1848.0,0,2.0,437154.0
9.0,1869.0,2.0,0,617.0,0,1869.0,1869.0,0,2.0,318061.0
7.0,1453.0,2.0,3,445.0,2,1453.0,1453.0,2,1.0,190000.0
5.0,1111.0,1.0,3,200.0,3,616.0,616.0,3,1.0,95000.0
6.0,720.0,2.0,3,484.0,3,624.0,720.0,3,1.0,105900.0
6.0,1595.0,1.0,3,240.0,3,940.0,1192.0,3,1.0,140000.0
6.0,1200.0,2.0,2,521.0,2,1200.0,1200.0,2,2.0,177500.0
6.0,1167.0,2.0,3,400.0,2,1158.0,1167.0,2,2.0,173000.0
5.0,1142.0,2.0,3,528.0,2,1142.0,1142.0,3,1.0,134000.0
5.0,1352.0,1.0,3,288.0,3,1062.0,1352.0,2,1.0,130000.0
8.0,1924.0,2.0,2,592.0,2,1086.0,1086.0,2,2.0,280000.0
6.0,912.0,2.0,3,470.0,2,888.0,912.0,3,1.0,156000.0
5.0,1505.0,1.0,3,240.0,3,883.0,988.0,3,1.0,145000.0
7.0,1922.0,2.0,2,672.0,3,0.0,495.0,2,3.0,198500.0
6.0,987.0,1.0,3,264.0,3,483.0,483.0,2,1.0,118000.0
6.0,1574.0,2.0,3,566.0,2,796.0,790.0,3,2.0,190000.0
5.0,1344.0,1.0,3,468.0,3,672.0,672.0,3,1.0,147000.0
6.0,1394.0,2.0,3,514.0,2,1394.0,1394.0,3,1.0,159000.0
6.0,1431.0,1.0,3,296.0,2,1099.0,1431.0,3,1.0,165000.0
5.0,1268.0,1.0,3,244.0,3,1268.0,1268.0,3,1.0,132000.0
5.0,1287.0,2.0,3,576.0,3,1063.0,1287.0,2,1.0,162000.0
6.0,1664.0,2.0,3,460.0,2,953.0,953.0,3,2.0,172400.0
4.0,1588.0,2.0,3,680.0,3,0.0,1120.0,3,2.0,134432.0
6.0,752.0,1.0,3,264.0,2,744.0,752.0,3,1.0,125000.0
5.0,1319.0,1.0,3,270.0,3,608.0,1319.0,3,1.0,123000.0
7.0,1928.0,2.0,2,434.0,2,847.0,847.0,2,2.0,219500.0
1.0,904.0,0.0,1,0.0,1,683.0,904.0,1,0.0,61000.0
5.0,914.0,2.0,2,576.0,2,870.0,914.0,3,1.0,148000.0
8.0,2466.0,2.0,2,610.0,2,1580.0,1580.0,2,3.0,340000.0
9.0,1856.0,3.0,2,834.0,0,1856.0,1856.0,0,1.0,394432.0
6.0,1800.0,2.0,3,463.0,2,982.0,1007.0,3,2.0,179000.0
5.0,1691.0,1.0,3,308.0,3,1026.0,1026.0,2,2.0,127000.0
7.0,1301.0,2.0,2,572.0,2,1293.0,1301.0,2,2.0,187750.0
7.0,1797.0,2.0,2,639.0,2,939.0,939.0,2,2.0,213500.0
6.0,784.0,2.0,3,360.0,1,784.0,784.0,3,1.0,76000.0
6.0,1953.0,2.0,2,501.0,2,1580.0,1079.0,2,2.0,240000.0
8.0,1269.0,2.0,2,430.0,2,1256.0,1269.0,2,2.0,192000.0
5.0,1184.0,0.0,3,0.0,3,658.0,658.0,3,1.0,81000.0
6.0,1125.0,1.0,3,352.0,3,1041.0,1125.0,3,1.0,125000.0
7.0,1479.0,2.0,2,577.0,2,1468.0,1479.0,2,2.0,191000.0
10.0,2332.0,3.0,0,846.0,0,1682.0,1742.0,0,2.0,426000.0
5.0,1367.0,1.0,3,384.0,3,861.0,961.0,3,1.0,119000.0
6.0,1961.0,2.0,3,560.0,0,804.0,804.0,2,2.0,215000.0
5.0,882.0,1.0,3,294.0,3,0.0,882.0,3,1.0,106500.0
4.0,788.0,0.0,3,0.0,3,788.0,788.0,3,1.0,100000.0
5.0,1034.0,1.0,3,240.0,3,735.0,735.0,3,1.0,109000.0
5.0,1144.0,1.0,3,596.0,3,1144.0,1144.0,3,1.0,129000.0
5.0,894.0,2.0,3,600.0,3,894.0,894.0,3,1.0,123000.0
5.0,1812.0,1.0,3,264.0,3,864.0,876.0,3,2.0,169500.0
5.0,1077.0,1.0,3,338.0,1,961.0,1077.0,3,1.0,67000.0
7.0,1550.0,2.0,2,438.0,2,1092.0,1112.0,2,2.0,241000.0
8.0,1288.0,2.0,2,500.0,2,1260.0,1288.0,0,1.0,245500.0
7.0,1310.0,2.0,2,400.0,2,1310.0,1310.0,2,2.0,164990.0
5.0,672.0,1.0,3,240.0,3,672.0,672.0,3,1.0,108000.0
8.0,2263.0,2.0,2,420.0,2,1141.0,1165.0,2,2.0,258000.0
6.0,1572.0,2.0,3,373.0,2,806.0,806.0,3,2.0,168000.0
4.0,1620.0,2.0,3,490.0,3,1281.0,1620.0,3,2.0,150000.0
6.0,1639.0,1.0,3,240.0,3,1064.0,1166.0,3,1.0,115000.0
6.0,1680.0,1.0,3,308.0,2,840.0,840.0,3,2.0,177000.0
7.0,2172.0,3.0,2,947.0,0,1063.0,1071.0,2,2.0,280000.0
8.0,2078.0,3.0,2,836.0,0,1034.0,1050.0,0,2.0,339750.0
5.0,1276.0,1.0,3,350.0,3,1276.0,1276.0,3,1.0,60000.0
5.0,1056.0,2.0,3,572.0,3,1056.0,1056.0,3,1.0,145000.0
7.0,1478.0,2.0,0,484.0,0,1470.0,1478.0,2,2.0,222000.0
5.0,1028.0,2.0,3,360.0,3,1008.0,1028.0,3,1.0,115000.0
7.0,2097.0,3.0,2,678.0,2,1080.0,1080.0,2,2.0,228000.0
7.0,1340.0,2.0,2,396.0,2,1340.0,1340.0,2,2.0,181134.0
6.0,1400.0,2.0,3,440.0,3,672.0,672.0,3,1.0,149500.0
6.0,2624.0,3.0,3,864.0,2,1370.0,1370.0,3,2.0,239000.0
5.0,1134.0,1.0,3,240.0,3,756.0,756.0,3,1.0,126000.0
5.0,1056.0,1.0,3,304.0,3,1056.0,1056.0,3,1.0,142000.0
7.0,1344.0,4.0,3,784.0,2,1344.0,1344.0,3,2.0,206300.0
6.0,1602.0,2.0,2,529.0,2,1602.0,1602.0,2,2.0,215000.0
5.0,988.0,2.0,3,520.0,3,988.0,988.0,3,1.0,113000.0
8.0,2630.0,3.0,2,696.0,2,1470.0,1470.0,2,2.0,315000.0
6.0,1196.0,1.0,3,297.0,2,1196.0,1196.0,3,1.0,139000.0
7.0,1389.0,1.0,3,240.0,3,651.0,707.0,3,1.0,135000.0
7.0,1644.0,2.0,2,569.0,2,1518.0,1644.0,2,2.0,275000.0
4.0,907.0,1.0,3,352.0,3,907.0,907.0,3,1.0,109008.0
7.0,1208.0,2.0,2,628.0,2,1208.0,1208.0,2,2.0,195400.0
6.0,1412.0,2.0,3,576.0,2,1392.0,1412.0,2,2.0,175000.0
6.0,987.0,1.0,3,264.0,3,483.0,483.0,3,1.0,85400.0
6.0,1198.0,0.0,3,0.0,3,901.0,1088.0,3,1.0,79900.0
5.0,1365.0,2.0,3,440.0,3,765.0,765.0,3,1.0,122500.0
6.0,1604.0,2.0,3,470.0,2,926.0,926.0,3,2.0,181000.0
4.0,630.0,0.0,3,0.0,2,630.0,630.0,3,1.0,81000.0
7.0,1661.0,2.0,2,550.0,2,799.0,827.0,2,2.0,212000.0
6.0,1118.0,2.0,3,440.0,1,648.0,734.0,3,1.0,116000.0
6.0,904.0,1.0,2,180.0,3,884.0,904.0,3,1.0,119000.0
5.0,694.0,1.0,3,352.0,3,440.0,694.0,2,1.0,90350.0
6.0,1196.0,2.0,3,528.0,3,684.0,684.0,2,1.0,110000.0
10.0,2402.0,3.0,0,672.0,0,3094.0,2402.0,0,2.0,555000.0
4.0,1440.0,0.0,3,0.0,3,1440.0,1440.0,1,2.0,118000.0
5.0,1573.0,2.0,3,360.0,3,1078.0,1128.0,3,2.0,162900.0
7.0,1258.0,3.0,2,648.0,0,1258.0,1258.0,2,2.0,172500.0
7.0,1908.0,2.0,2,493.0,2,915.0,933.0,2,2.0,210000.0
6.0,1689.0,2.0,3,480.0,3,1436.0,1689.0,3,1.0,127500.0
6.0,1888.0,2.0,2,578.0,3,1517.0,1888.0,2,2.0,190000.0
7.0,1886.0,2.0,2,431.0,2,930.0,956.0,2,2.0,199900.0
6.0,1376.0,1.0,3,198.0,3,780.0,780.0,3,2.0,119500.0
3.0,1183.0,1.0,3,308.0,3,649.0,679.0,3,1.0,120000.0
6.0,813.0,1.0,3,270.0,3,813.0,813.0,2,1.0,110000.0
7.0,1533.0,2.0,3,576.0,2,1533.0,1533.0,2,2.0,280000.0
6.0,1756.0,2.0,2,422.0,0,872.0,888.0,3,2.0,204000.0
8.0,1590.0,2.0,2,676.0,2,768.0,786.0,2,2.0,210000.0
5.0,1728.0,2.0,3,560.0,3,1728.0,1728.0,3,2.0,188000.0
7.0,1242.0,2.0,3,528.0,3,1242.0,1242.0,3,1.0,175500.0
5.0,1344.0,3.0,3,513.0,3,624.0,624.0,3,1.0,98000.0
4.0,1663.0,2.0,3,529.0,2,1364.0,1663.0,2,1.0,256000.0
8.0,1666.0,1.0,3,228.0,3,588.0,833.0,2,1.0,161000.0
5.0,1203.0,1.0,3,352.0,3,709.0,979.0,2,1.0,110000.0
8.0,1935.0,2.0,2,552.0,2,832.0,832.0,3,2.0,263435.0
7.0,1135.0,2.0,2,576.0,2,560.0,575.0,2,1.0,155000.0
5.0,864.0,1.0,3,360.0,3,864.0,864.0,3,1.0,62383.0
6.0,1660.0,1.0,3,240.0,3,715.0,849.0,3,1.0,188700.0
5.0,1040.0,0.0,3,0.0,2,1040.0,1040.0,3,2.0,124000.0
7.0,1414.0,2.0,2,398.0,2,1375.0,1414.0,2,2.0,178740.0
7.0,1277.0,2.0,3,526.0,3,1277.0,1277.0,3,1.0,167000.0
5.0,1644.0,1.0,3,312.0,3,728.0,888.0,2,1.0,146500.0
8.0,1634.0,3.0,2,866.0,2,1626.0,1634.0,2,2.0,250000.0
6.0,1710.0,2.0,2,506.0,2,832.0,832.0,2,2.0,187000.0
8.0,1502.0,2.0,2,528.0,2,1488.0,1502.0,2,1.0,212000.0
7.0,1969.0,2.0,3,534.0,2,808.0,1161.0,3,2.0,190000.0
6.0,1072.0,2.0,3,525.0,2,547.0,1072.0,3,1.0,148000.0
8.0,1976.0,3.0,2,908.0,0,1976.0,1976.0,2,2.0,440000.0
8.0,1652.0,2.0,2,499.0,2,1494.0,1652.0,0,2.0,251000.0
5.0,970.0,2.0,3,624.0,3,970.0,970.0,3,1.0,132500.0
6.0,1493.0,2.0,3,508.0,2,1478.0,1493.0,2,2.0,208900.0
9.0,2643.0,3.0,0,694.0,2,2153.0,2069.0,0,2.0,380000.0
8.0,1718.0,3.0,2,826.0,0,1705.0,1718.0,2,2.0,297000.0
4.0,1131.0,2.0,3,672.0,1,907.0,1131.0,3,1.0,89471.0
9.0,1850.0,3.0,2,772.0,0,1833.0,1850.0,2,2.0,326000.0
9.0,1792.0,3.0,2,874.0,0,1792.0,1792.0,0,2.0,374000.0
7.0,1826.0,1.0,2,164.0,3,910.0,916.0,0,1.0,155000.0
6.0,1216.0,2.0,3,402.0,0,1216.0,1216.0,3,2.0,164000.0
5.0,999.0,1.0,3,264.0,3,999.0,999.0,2,1.0,132500.0
5.0,1113.0,1.0,2,264.0,3,1113.0,1113.0,2,1.0,147000.0
5.0,1073.0,2.0,3,515.0,3,1073.0,1073.0,3,1.0,156000.0
5.0,1484.0,2.0,3,487.0,2,1484.0,1484.0,3,2.0,175000.0
5.0,2414.0,2.0,3,520.0,3,954.0,1766.0,3,2.0,160000.0
4.0,630.0,1.0,3,286.0,2,630.0,630.0,2,1.0,86000.0
5.0,1304.0,1.0,3,336.0,2,264.0,616.0,3,1.0,115000.0
6.0,1578.0,1.0,3,240.0,3,806.0,958.0,1,1.0,133000.0
6.0,1456.0,2.0,2,429.0,2,728.0,728.0,3,2.0,172785.0
5.0,1269.0,1.0,3,308.0,3,1269.0,1269.0,3,1.0,155000.0
5.0,886.0,1.0,3,273.0,1,190.0,886.0,3,1.0,91300.0
4.0,720.0,0.0,3,0.0,3,720.0,720.0,3,1.0,34900.0
8.0,3228.0,2.0,2,546.0,2,3200.0,3228.0,2,3.0,430000.0
7.0,1820.0,1.0,3,240.0,3,1026.0,1133.0,3,2.0,184000.0
5.0,899.0,1.0,3,288.0,3,864.0,899.0,2,1.0,130000.0
5.0,912.0,1.0,3,297.0,3,912.0,912.0,3,1.0,120000.0
6.0,1218.0,1.0,3,264.0,3,672.0,672.0,3,1.0,113000.0
7.0,1768.0,2.0,2,603.0,2,866.0,866.0,2,2.0,226700.0
5.0,1214.0,2.0,3,461.0,3,1214.0,1214.0,3,1.0,140000.0
7.0,1801.0,2.0,3,484.0,3,1501.0,1801.0,3,2.0,289000.0
6.0,1322.0,2.0,3,440.0,3,855.0,855.0,3,2.0,147000.0
5.0,1960.0,2.0,3,400.0,3,960.0,960.0,3,2.0,124500.0
8.0,1911.0,2.0,2,471.0,2,777.0,1065.0,2,2.0,215000.0
6.0,1218.0,2.0,2,676.0,2,1218.0,1218.0,2,2.0,208300.0
7.0,1378.0,2.0,3,360.0,3,689.0,689.0,2,2.0,161000.0
5.0,1041.0,1.0,3,270.0,3,1041.0,1041.0,3,1.0,124500.0
5.0,1363.0,1.0,2,288.0,3,1008.0,1363.0,3,1.0,164900.0
7.0,1368.0,2.0,2,474.0,2,1368.0,1368.0,2,2.0,202665.0
5.0,864.0,2.0,3,624.0,3,864.0,864.0,3,1.0,129900.0
6.0,1080.0,2.0,3,484.0,3,1084.0,1080.0,3,1.0,134000.0
5.0,789.0,1.0,3,200.0,3,768.0,789.0,3,1.0,96500.0
10.0,2020.0,3.0,0,900.0,0,2006.0,2020.0,0,2.0,402861.0
6.0,2119.0,2.0,3,583.0,3,689.0,1378.0,3,2.0,158000.0
7.0,2344.0,3.0,2,889.0,2,1264.0,1277.0,2,2.0,265000.0
6.0,1796.0,2.0,3,546.0,2,794.0,882.0,3,2.0,211000.0
7.0,2080.0,1.0,2,282.0,2,1276.0,1276.0,2,1.0,234000.0
4.0,1294.0,0.0,3,0.0,3,0.0,694.0,3,2.0,106250.0
6.0,1244.0,1.0,3,336.0,3,1244.0,1244.0,3,1.0,150000.0
6.0,1664.0,2.0,3,420.0,3,1004.0,1004.0,3,2.0,159000.0
10.0,4676.0,3.0,0,884.0,0,3138.0,3138.0,0,3.0,184750.0
7.0,2398.0,3.0,2,834.0,2,1379.0,1383.0,2,2.0,315750.0
7.0,1266.0,2.0,2,453.0,2,1257.0,1266.0,2,2.0,176000.0
5.0,928.0,1.0,3,252.0,2,928.0,928.0,3,1.0,132000.0
9.0,2713.0,3.0,0,858.0,0,1452.0,1476.0,0,2.0,446261.0
4.0,605.0,0.0,3,0.0,3,528.0,605.0,3,1.0,86000.0
6.0,2515.0,2.0,2,484.0,3,2035.0,2515.0,3,3.0,200624.0
6.0,1509.0,2.0,2,600.0,2,1461.0,1509.0,2,2.0,175000.0
6.0,1362.0,2.0,3,502.0,1,611.0,751.0,3,2.0,128000.0
5.0,827.0,1.0,3,392.0,3,0.0,827.0,3,1.0,107500.0
1.0,334.0,0.0,1,0.0,3,0.0,334.0,1,1.0,39300.0
8.0,1414.0,2.0,2,403.0,0,707.0,707.0,2,2.0,178000.0
5.0,1347.0,0.0,3,0.0,2,1117.0,820.0,3,1.0,107500.0
7.0,1724.0,2.0,3,527.0,2,880.0,880.0,2,2.0,188000.0
4.0,864.0,2.0,3,576.0,3,864.0,864.0,3,1.0,111250.0
5.0,1159.0,1.0,3,336.0,3,1051.0,1159.0,3,1.0,158000.0
8.0,1601.0,2.0,2,670.0,2,1581.0,1601.0,2,2.0,272000.0
9.0,1838.0,3.0,0,765.0,0,1838.0,1838.0,0,2.0,315000.0
8.0,2285.0,3.0,2,648.0,2,969.0,997.0,2,2.0,248000.0
7.0,1680.0,2.0,2,583.0,0,1650.0,1680.0,2,2.0,213250.0
7.0,767.0,1.0,3,367.0,2,723.0,767.0,3,1.0,133000.0
7.0,1496.0,2.0,2,426.0,2,654.0,664.0,2,2.0,179665.0
7.0,2183.0,3.0,2,786.0,2,1204.0,1377.0,2,2.0,229000.0
6.0,1635.0,2.0,3,440.0,2,1065.0,915.0,3,1.0,210000.0
5.0,768.0,2.0,3,624.0,2,768.0,768.0,3,1.0,129500.0
5.0,825.0,2.0,3,720.0,3,825.0,825.0,3,1.0,125000.0
7.0,2094.0,2.0,2,615.0,2,912.0,912.0,2,2.0,263000.0
6.0,1069.0,2.0,3,440.0,2,1069.0,1069.0,3,2.0,140000.0
5.0,928.0,1.0,3,288.0,3,928.0,928.0,3,1.0,112500.0
8.0,1717.0,3.0,2,908.0,0,1709.0,1717.0,2,2.0,255500.0
4.0,1126.0,2.0,3,520.0,3,0.0,1126.0,2,2.0,108000.0
7.0,2046.0,3.0,2,871.0,2,998.0,1006.0,2,2.0,284000.0
5.0,1048.0,1.0,3,280.0,3,993.0,1048.0,3,1.0,113000.0
5.0,1092.0,1.0,3,299.0,3,1092.0,1092.0,3,1.0,141000.0
4.0,1336.0,1.0,3,570.0,3,637.0,897.0,3,1.0,108000.0
7.0,1446.0,2.0,3,406.0,2,729.0,729.0,3,2.0,175000.0
7.0,1557.0,2.0,2,420.0,2,1374.0,1557.0,2,2.0,234000.0
5.0,1392.0,2.0,3,528.0,2,1392.0,1392.0,3,1.0,121500.0
5.0,1389.0,2.0,3,418.0,2,1389.0,1389.0,3,1.0,170000.0
5.0,996.0,0.0,3,0.0,3,996.0,996.0,3,1.0,108000.0
6.0,1674.0,2.0,3,396.0,2,1163.0,1163.0,3,2.0,185000.0
7.0,2295.0,2.0,2,590.0,2,1095.0,1166.0,2,2.0,268000.0
6.0,1647.0,1.0,3,216.0,2,806.0,841.0,1,1.0,128000.0
9.0,2504.0,3.0,2,656.0,2,1122.0,1134.0,0,2.0,325000.0
7.0,1535.0,2.0,2,532.0,2,1517.0,1535.0,2,2.0,214000.0
8.0,2132.0,2.0,2,612.0,2,1496.0,1496.0,2,1.0,316600.0
5.0,943.0,2.0,3,600.0,2,943.0,943.0,3,1.0,135960.0
5.0,1728.0,2.0,3,576.0,3,1728.0,1728.0,3,2.0,142600.0
6.0,864.0,1.0,3,288.0,3,864.0,864.0,2,1.0,120000.0
7.0,1692.0,2.0,3,650.0,0,846.0,846.0,2,2.0,224500.0
7.0,1430.0,2.0,3,400.0,2,384.0,774.0,3,2.0,170000.0
5.0,1109.0,1.0,3,288.0,3,372.0,576.0,3,1.0,139000.0
5.0,1216.0,1.0,3,336.0,3,832.0,832.0,3,1.0,118500.0
7.0,1477.0,1.0,3,216.0,3,861.0,877.0,3,2.0,145000.0
5.0,1320.0,2.0,3,564.0,3,1164.0,1320.0,3,1.0,164500.0
7.0,1392.0,2.0,2,540.0,2,689.0,703.0,2,2.0,146000.0
5.0,1795.0,1.0,3,352.0,3,1050.0,1050.0,3,2.0,131500.0
6.0,1429.0,2.0,3,572.0,3,1144.0,1429.0,2,1.0,181900.0
8.0,2042.0,3.0,0,1390.0,0,2042.0,2042.0,0,2.0,253293.0
6.0,816.0,0.0,3,0.0,2,816.0,816.0,3,1.0,118500.0
10.0,2775.0,2.0,0,880.0,3,1237.0,1521.0,2,3.0,325000.0
4.0,1573.0,1.0,3,240.0,3,884.0,989.0,2,1.0,133000.0
8.0,2028.0,3.0,2,880.0,0,1868.0,2028.0,2,2.0,369900.0
6.0,838.0,1.0,3,275.0,3,816.0,838.0,1,1.0,130000.0
5.0,860.0,2.0,3,528.0,3,840.0,860.0,3,1.0,137000.0
5.0,1473.0,1.0,3,452.0,3,1437.0,1473.0,0,1.0,143000.0
5.0,935.0,1.0,3,308.0,3,742.0,779.0,3,1.0,79500.0
7.0,1582.0,2.0,2,520.0,2,770.0,770.0,2,2.0,185900.0
10.0,2296.0,3.0,0,842.0,0,1722.0,1728.0,0,2.0,451950.0
5.0,816.0,2.0,3,816.0,3,816.0,816.0,3,1.0,138000.0
6.0,848.0,2.0,2,420.0,2,848.0,848.0,2,1.0,140000.0
5.0,924.0,1.0,3,280.0,2,924.0,924.0,3,1.0,110000.0
8.0,1826.0,3.0,2,758.0,2,1814.0,1826.0,2,2.0,319000.0
6.0,1368.0,1.0,3,216.0,3,684.0,684.0,3,1.0,114504.0
7.0,1402.0,3.0,2,648.0,0,1258.0,1402.0,2,0.0,194201.0
5.0,1647.0,2.0,3,621.0,2,1430.0,1647.0,2,2.0,217500.0
6.0,1556.0,2.0,3,452.0,2,716.0,716.0,3,2.0,151000.0
8.0,1904.0,2.0,2,736.0,2,1058.0,1058.0,0,2.0,275000.0
6.0,1375.0,1.0,3,544.0,3,780.0,780.0,2,1.0,141000.0
8.0,1915.0,2.0,2,506.0,2,908.0,927.0,2,2.0,220000.0
7.0,1200.0,2.0,2,480.0,2,600.0,600.0,2,2.0,151000.0
7.0,1494.0,2.0,2,530.0,2,1494.0,1494.0,2,2.0,221000.0
7.0,1986.0,2.0,3,486.0,3,768.0,1186.0,3,2.0,205000.0
5.0,1040.0,2.0,3,576.0,2,1040.0,1040.0,2,1.0,152000.0
5.0,2008.0,1.0,3,230.0,3,896.0,1112.0,0,3.0,225000.0
8.0,3194.0,2.0,3,380.0,2,965.0,1940.0,3,2.0,359100.0
4.0,1029.0,1.0,3,261.0,3,1029.0,1029.0,3,1.0,118500.0
9.0,2153.0,3.0,2,736.0,0,1440.0,1476.0,0,2.0,313000.0
6.0,1032.0,2.0,3,564.0,2,1032.0,1032.0,3,2.0,148000.0
8.0,1872.0,2.0,2,531.0,2,1299.0,1299.0,0,2.0,261500.0
5.0,1120.0,0.0,3,0.0,2,1120.0,1120.0,3,1.0,147000.0
4.0,630.0,0.0,3,0.0,2,630.0,630.0,3,1.0,75500.0
6.0,1054.0,2.0,3,480.0,3,936.0,1054.0,2,1.0,137500.0
6.0,1509.0,2.0,2,393.0,2,783.0,807.0,2,2.0,183200.0
6.0,832.0,2.0,3,528.0,3,832.0,832.0,2,1.0,105500.0
9.0,1828.0,3.0,0,774.0,0,1822.0,1828.0,2,2.0,314813.0
8.0,2262.0,3.0,2,749.0,2,1482.0,1482.0,2,2.0,305000.0
3.0,864.0,0.0,3,0.0,3,864.0,864.0,3,1.0,67000.0
6.0,2614.0,2.0,3,624.0,3,1522.0,1548.0,3,2.0,240000.0
5.0,980.0,2.0,3,484.0,3,980.0,980.0,3,1.0,135000.0
6.0,1512.0,2.0,2,440.0,2,756.0,756.0,2,2.0,168500.0
6.0,1790.0,2.0,3,484.0,3,732.0,1012.0,3,1.0,165150.0
6.0,1116.0,2.0,3,440.0,3,1116.0,1116.0,3,1.0,160000.0
5.0,1422.0,1.0,3,286.0,3,978.0,1422.0,3,1.0,139900.0
6.0,1520.0,1.0,3,364.0,3,1156.0,1520.0,3,1.0,153000.0
5.0,2080.0,2.0,3,504.0,2,1040.0,1040.0,1,1.0,135000.0
6.0,1350.0,2.0,3,520.0,3,1248.0,1350.0,3,1.0,168500.0
5.0,1750.0,1.0,3,240.0,1,636.0,1089.0,0,1.0,124000.0
8.0,1554.0,2.0,2,627.0,2,1554.0,1554.0,2,2.0,209500.0
7.0,1411.0,2.0,3,544.0,3,1386.0,1411.0,3,2.0,82500.0
5.0,1056.0,1.0,3,260.0,3,1056.0,1056.0,3,1.0,139400.0
6.0,1056.0,2.0,3,576.0,3,1056.0,1056.0,3,0.0,144000.0
6.0,3395.0,0.0,1,0.0,3,1440.0,1440.0,1,2.0,200000.0
2.0,800.0,0.0,1,0.0,3,264.0,800.0,1,1.0,60000.0
5.0,1387.0,1.0,3,256.0,3,811.0,811.0,2,2.0,93000.0
5.0,796.0,0.0,3,0.0,1,796.0,796.0,3,1.0,85000.0
8.0,1567.0,3.0,2,648.0,2,1520.0,1567.0,0,2.0,264561.0
8.0,1518.0,2.0,0,588.0,0,1518.0,1518.0,0,1.0,274000.0
7.0,1929.0,2.0,2,650.0,2,1057.0,1057.0,2,2.0,226000.0
8.0,2704.0,2.0,2,538.0,2,1952.0,2000.0,0,2.0,345000.0
5.0,1620.0,2.0,3,462.0,3,780.0,780.0,3,2.0,152000.0
9.0,1766.0,3.0,0,478.0,0,1766.0,1766.0,0,2.0,370878.0
6.0,981.0,2.0,3,576.0,3,981.0,981.0,3,1.0,143250.0
5.0,1048.0,2.0,3,420.0,3,0.0,1048.0,3,1.0,98300.0
6.0,1094.0,2.0,3,495.0,3,1094.0,1094.0,3,1.0,155000.0
6.0,1839.0,2.0,3,442.0,3,756.0,1051.0,3,1.0,155000.0
4.0,630.0,0.0,3,0.0,2,630.0,630.0,3,1.0,84500.0
7.0,1665.0,2.0,2,562.0,2,813.0,822.0,2,2.0,205950.0
4.0,1510.0,1.0,3,296.0,3,755.0,755.0,3,1.0,108000.0
7.0,1716.0,2.0,2,512.0,2,880.0,909.0,2,2.0,191000.0
6.0,1469.0,1.0,3,216.0,3,756.0,756.0,3,1.0,135000.0
8.0,2113.0,3.0,2,839.0,2,2109.0,2113.0,2,2.0,350000.0
6.0,1092.0,1.0,3,264.0,3,525.0,525.0,3,1.0,88000.0
5.0,1053.0,1.0,2,312.0,3,1053.0,1053.0,2,1.0,145500.0
7.0,1502.0,1.0,3,270.0,2,776.0,851.0,3,1.0,149000.0
6.0,1458.0,1.0,3,330.0,3,912.0,912.0,3,1.0,97500.0
5.0,1486.0,2.0,3,480.0,3,1486.0,1486.0,3,1.0,167000.0
7.0,1935.0,2.0,3,550.0,2,793.0,1142.0,3,2.0,197900.0
8.0,2448.0,3.0,2,711.0,2,1629.0,1686.0,2,2.0,402000.0
6.0,1392.0,2.0,3,576.0,1,1392.0,1392.0,3,1.0,110000.0
4.0,1181.0,2.0,3,588.0,2,1138.0,1181.0,3,2.0,137500.0
8.0,2097.0,3.0,2,1134.0,0,2077.0,2097.0,0,1.0,423000.0
8.0,1936.0,2.0,2,504.0,2,1406.0,1454.0,2,2.0,230500.0
6.0,2380.0,2.0,3,596.0,2,1021.0,1465.0,3,2.0,129000.0
6.0,1679.0,2.0,3,575.0,2,1408.0,1679.0,2,2.0,193500.0
5.0,1437.0,2.0,3,576.0,3,1188.0,1437.0,3,1.0,168000.0
4.0,1180.0,1.0,3,252.0,1,700.0,1180.0,1,1.0,137500.0
6.0,1476.0,2.0,2,540.0,2,738.0,738.0,2,2.0,173500.0
6.0,1369.0,1.0,3,300.0,3,672.0,697.0,3,2.0,103600.0
6.0,1208.0,2.0,2,546.0,2,1208.0,1208.0,3,1.0,165000.0
6.0,1839.0,2.0,3,416.0,3,1477.0,1839.0,2,2.0,257500.0
6.0,1136.0,1.0,3,384.0,3,1136.0,1136.0,3,1.0,140000.0
6.0,1441.0,2.0,3,440.0,3,855.0,855.0,3,2.0,148500.0
4.0,1774.0,3.0,3,779.0,3,1095.0,1095.0,3,2.0,87000.0
5.0,792.0,1.0,2,240.0,3,768.0,792.0,2,1.0,109500.0
8.0,2046.0,3.0,2,834.0,0,2046.0,2046.0,2,2.0,372500.0
5.0,988.0,2.0,3,572.0,3,988.0,988.0,3,1.0,128500.0
6.0,923.0,1.0,3,264.0,2,923.0,923.0,3,2.0,143000.0
5.0,1520.0,1.0,3,281.0,3,793.0,848.0,3,1.0,159434.0
6.0,1291.0,2.0,3,431.0,2,1291.0,1291.0,2,1.0,173000.0
9.0,1668.0,3.0,2,702.0,2,1626.0,1668.0,2,2.0,285000.0
7.0,1839.0,2.0,2,486.0,2,1195.0,1195.0,3,2.0,221000.0
7.0,2090.0,2.0,2,577.0,2,1190.0,1190.0,2,2.0,207500.0
7.0,1761.0,2.0,2,578.0,2,874.0,874.0,2,3.0,227875.0
7.0,1102.0,2.0,2,480.0,2,551.0,551.0,2,2.0,148800.0
8.0,1419.0,2.0,2,567.0,2,1419.0,1419.0,2,2.0,392000.0
6.0,1362.0,2.0,2,460.0,2,1362.0,1362.0,2,2.0,194700.0
6.0,848.0,2.0,2,420.0,2,848.0,848.0,2,1.0,141000.0
10.0,4316.0,3.0,0,832.0,0,2444.0,2444.0,0,3.0,755000.0
7.0,2519.0,2.0,2,628.0,2,1210.0,1238.0,2,2.0,335000.0
5.0,1073.0,1.0,3,326.0,3,1073.0,1073.0,3,1.0,108480.0
5.0,1539.0,2.0,3,576.0,3,927.0,1067.0,3,1.0,141500.0
6.0,1137.0,2.0,3,551.0,2,1112.0,1137.0,2,2.0,176000.0
5.0,616.0,1.0,3,205.0,3,616.0,616.0,3,1.0,89000.0
5.0,1148.0,1.0,3,308.0,0,980.0,1148.0,3,1.0,123500.0
5.0,894.0,1.0,3,336.0,3,894.0,894.0,3,1.0,138500.0
7.0,1391.0,2.0,2,530.0,2,1391.0,1391.0,2,2.0,196000.0
8.0,1800.0,3.0,2,765.0,0,1800.0,1800.0,2,2.0,312500.0
7.0,1164.0,2.0,3,528.0,3,1164.0,1164.0,3,1.0,140000.0
8.0,2576.0,3.0,0,666.0,0,1234.0,1264.0,0,2.0,361919.0
5.0,1812.0,2.0,3,672.0,2,360.0,1032.0,2,2.0,140000.0
7.0,1484.0,2.0,2,606.0,2,1473.0,1484.0,2,2.0,213000.0
4.0,1092.0,0.0,1,0.0,3,0.0,372.0,1,2.0,55000.0
7.0,1824.0,2.0,3,739.0,2,1643.0,1824.0,2,2.0,302000.0
8.0,1324.0,2.0,2,550.0,2,1324.0,1324.0,2,2.0,254000.0
7.0,1456.0,2.0,2,400.0,2,728.0,728.0,2,2.0,179540.0
5.0,904.0,1.0,3,408.0,3,876.0,904.0,3,1.0,109900.0
3.0,729.0,0.0,2,0.0,3,270.0,729.0,3,1.0,52000.0
4.0,1178.0,1.0,3,384.0,3,859.0,859.0,3,1.0,102776.0
8.0,1228.0,2.0,2,472.0,2,1228.0,1228.0,2,2.0,189000.0
4.0,960.0,2.0,3,576.0,3,960.0,960.0,3,1.0,129000.0
6.0,1479.0,2.0,2,475.0,3,725.0,725.0,2,2.0,130500.0
6.0,1350.0,2.0,3,478.0,2,1064.0,1350.0,3,2.0,165000.0
7.0,2554.0,2.0,3,704.0,3,718.0,1576.0,3,1.0,159500.0
5.0,1178.0,2.0,3,439.0,2,1176.0,1178.0,2,1.0,157000.0
7.0,2418.0,3.0,2,983.0,2,1311.0,1325.0,2,2.0,341000.0
5.0,971.0,1.0,3,300.0,2,971.0,971.0,3,1.0,128500.0
8.0,1742.0,2.0,2,564.0,2,1742.0,1742.0,2,2.0,275000.0
6.0,848.0,2.0,2,420.0,2,848.0,848.0,2,1.0,143000.0
4.0,864.0,2.0,3,463.0,3,864.0,864.0,3,1.0,124500.0
4.0,1470.0,1.0,3,548.0,3,941.0,997.0,3,2.0,135000.0
9.0,1698.0,3.0,0,768.0,0,1698.0,1698.0,0,2.0,320000.0
4.0,864.0,2.0,3,660.0,3,864.0,864.0,2,1.0,120500.0
6.0,1680.0,2.0,2,540.0,2,880.0,1680.0,2,2.0,222000.0
7.0,1232.0,2.0,2,632.0,2,1232.0,1232.0,2,2.0,194500.0
5.0,1776.0,3.0,3,888.0,3,1584.0,1776.0,3,2.0,110000.0
4.0,1208.0,2.0,3,539.0,3,780.0,848.0,3,1.0,103000.0
8.0,1616.0,2.0,2,608.0,2,1595.0,1616.0,2,2.0,236500.0
7.0,1146.0,2.0,2,438.0,0,868.0,1146.0,2,2.0,187500.0
7.0,2031.0,2.0,2,541.0,2,1153.0,1153.0,2,2.0,222500.0
5.0,1144.0,1.0,3,264.0,3,864.0,1144.0,3,1.0,131400.0
5.0,948.0,1.0,3,300.0,3,948.0,948.0,3,1.0,108000.0
7.0,1768.0,2.0,3,320.0,2,880.0,880.0,3,1.0,163000.0
3.0,1040.0,2.0,3,400.0,3,0.0,1040.0,3,2.0,93500.0
8.0,1801.0,3.0,2,800.0,2,893.0,901.0,2,2.0,239900.0
5.0,1200.0,0.0,3,0.0,2,1200.0,1200.0,3,3.0,179000.0
7.0,1728.0,2.0,2,572.0,2,864.0,864.0,2,2.0,190000.0
5.0,1432.0,2.0,3,360.0,1,264.0,768.0,3,2.0,132000.0
6.0,912.0,1.0,3,288.0,3,912.0,912.0,2,1.0,142000.0
7.0,1349.0,2.0,3,539.0,2,1349.0,1349.0,3,2.0,179000.0
5.0,1464.0,2.0,3,480.0,2,520.0,1464.0,3,2.0,175000.0
8.0,1337.0,2.0,2,462.0,2,1337.0,1337.0,2,2.0,180000.0
8.0,2715.0,2.0,0,831.0,3,1142.0,1175.0,2,3.0,299800.0
7.0,2256.0,2.0,2,554.0,2,952.0,980.0,2,2.0,236000.0
7.0,2640.0,4.0,2,864.0,3,1240.0,1320.0,2,1.0,265979.0
7.0,1720.0,2.0,2,527.0,2,1720.0,1720.0,2,2.0,260400.0
4.0,1529.0,1.0,3,240.0,3,0.0,1088.0,3,2.0,98000.0
4.0,1140.0,0.0,3,0.0,3,576.0,792.0,3,1.0,96500.0
7.0,1320.0,2.0,2,400.0,2,660.0,660.0,2,2.0,162000.0
6.0,1494.0,2.0,3,576.0,2,1479.0,1494.0,2,2.0,217000.0
8.0,2098.0,3.0,2,878.0,2,1030.0,1038.0,0,2.0,275500.0
6.0,1026.0,2.0,3,440.0,3,1026.0,1026.0,2,1.0,156000.0
6.0,1471.0,2.0,3,440.0,2,729.0,742.0,3,2.0,172500.0
8.0,1768.0,2.0,2,578.0,2,866.0,866.0,2,2.0,212000.0
6.0,1386.0,2.0,3,440.0,3,672.0,672.0,3,2.0,158900.0
7.0,1501.0,2.0,3,440.0,2,744.0,757.0,3,2.0,179400.0
8.0,2531.0,3.0,2,752.0,2,1318.0,1328.0,2,2.0,290000.0
6.0,864.0,1.0,3,300.0,3,864.0,864.0,3,1.0,127500.0
5.0,1301.0,2.0,3,440.0,3,1145.0,1301.0,1,1.0,100000.0
7.0,1547.0,2.0,3,614.0,2,756.0,764.0,2,2.0,215200.0
8.0,2365.0,3.0,2,856.0,2,1252.0,1268.0,2,2.0,337000.0
8.0,1494.0,2.0,2,481.0,2,1494.0,1494.0,0,1.0,270000.0
9.0,1506.0,2.0,2,592.0,2,1498.0,1506.0,0,2.0,264132.0
7.0,1714.0,2.0,3,496.0,2,980.0,980.0,3,2.0,196500.0
6.0,1750.0,1.0,3,423.0,2,983.0,983.0,3,2.0,160000.0
7.0,1836.0,2.0,2,484.0,2,1860.0,1836.0,2,2.0,216837.0
8.0,3279.0,3.0,0,841.0,2,1650.0,1690.0,0,3.0,538000.0
5.0,858.0,2.0,3,576.0,2,858.0,858.0,3,1.0,134900.0
4.0,1220.0,2.0,3,396.0,1,836.0,1220.0,3,1.0,102000.0
6.0,1117.0,2.0,3,672.0,3,1029.0,1117.0,3,1.0,107000.0
5.0,912.0,1.0,3,275.0,3,912.0,912.0,3,1.0,114500.0
8.0,1973.0,3.0,2,895.0,2,1935.0,1973.0,2,2.0,395000.0
6.0,1204.0,2.0,3,412.0,0,1204.0,1204.0,3,2.0,162000.0
7.0,1614.0,3.0,2,865.0,2,1614.0,1614.0,2,2.0,221500.0
5.0,894.0,2.0,3,440.0,3,864.0,894.0,3,1.0,142500.0
5.0,2020.0,2.0,3,630.0,3,0.0,2020.0,3,2.0,144000.0
6.0,1004.0,2.0,3,504.0,2,975.0,1004.0,3,1.0,135000.0
7.0,1253.0,2.0,3,402.0,2,1237.0,1253.0,3,2.0,176000.0
6.0,1603.0,2.0,2,484.0,2,761.0,810.0,2,2.0,175900.0
7.0,1430.0,2.0,2,605.0,2,1413.0,1430.0,2,2.0,187100.0
5.0,1110.0,2.0,3,602.0,2,1097.0,1110.0,2,1.0,165500.0
6.0,1484.0,0.0,3,0.0,3,742.0,742.0,3,2.0,128000.0
6.0,1342.0,2.0,3,457.0,3,1372.0,1342.0,3,2.0,161500.0
5.0,1652.0,1.0,3,416.0,1,686.0,966.0,3,2.0,139000.0
7.0,2084.0,2.0,2,618.0,2,956.0,956.0,2,2.0,233000.0
4.0,901.0,1.0,3,281.0,3,901.0,901.0,3,1.0,107900.0
6.0,2087.0,2.0,3,444.0,3,832.0,976.0,2,2.0,187500.0
7.0,1145.0,2.0,2,397.0,2,1145.0,1145.0,2,2.0,160200.0
6.0,1062.0,2.0,3,539.0,2,1029.0,1062.0,3,1.0,146800.0
7.0,2013.0,2.0,2,455.0,2,1117.0,1127.0,3,2.0,269790.0
8.0,1496.0,2.0,2,474.0,2,1496.0,1496.0,2,2.0,225000.0
7.0,1895.0,2.0,2,409.0,2,712.0,1086.0,2,2.0,194500.0
6.0,1564.0,2.0,3,476.0,2,650.0,888.0,3,2.0,171000.0
6.0,1285.0,2.0,3,528.0,3,660.0,1285.0,3,1.0,143500.0
5.0,773.0,1.0,3,240.0,3,773.0,773.0,3,1.0,110000.0
9.0,3140.0,3.0,0,820.0,0,1926.0,1966.0,0,3.0,485000.0
5.0,1768.0,1.0,3,240.0,2,731.0,981.0,2,1.0,175000.0
6.0,1688.0,2.0,3,603.0,2,616.0,616.0,2,2.0,200000.0
4.0,1196.0,2.0,3,440.0,3,1196.0,1196.0,3,1.0,109900.0
7.0,1456.0,2.0,2,410.0,2,728.0,728.0,2,2.0,189000.0
9.0,2822.0,3.0,0,1020.0,0,1734.0,1734.0,0,3.0,582933.0
5.0,1128.0,1.0,3,286.0,3,936.0,1128.0,3,1.0,118000.0
7.0,1428.0,2.0,2,554.0,2,1417.0,1428.0,0,2.0,227680.0
5.0,980.0,1.0,3,384.0,3,980.0,980.0,3,2.0,135500.0
5.0,1576.0,2.0,3,528.0,3,1324.0,1072.0,2,1.0,223500.0
5.0,1086.0,2.0,3,484.0,3,1024.0,1086.0,3,1.0,159950.0
5.0,2138.0,2.0,3,360.0,3,849.0,1075.0,3,2.0,106000.0
6.0,1309.0,2.0,3,484.0,3,1040.0,1309.0,2,1.0,181000.0
6.0,848.0,2.0,2,420.0,2,848.0,848.0,2,1.0,144500.0
5.0,1044.0,2.0,1,504.0,3,540.0,1044.0,1,1.0,55993.0
6.0,1442.0,1.0,3,301.0,3,1442.0,1442.0,3,1.0,157900.0
5.0,1250.0,1.0,3,280.0,3,686.0,686.0,1,1.0,116000.0
7.0,1661.0,2.0,3,598.0,2,1649.0,1661.0,2,2.0,224900.0
5.0,1008.0,1.0,3,275.0,3,1008.0,1008.0,3,1.0,137000.0
8.0,1689.0,3.0,2,857.0,2,1568.0,1689.0,2,2.0,271000.0
6.0,1052.0,2.0,3,440.0,3,1010.0,1052.0,3,1.0,155000.0
7.0,1358.0,2.0,2,484.0,2,1358.0,1358.0,2,2.0,224000.0
7.0,1640.0,2.0,2,595.0,2,798.0,798.0,2,2.0,183000.0
4.0,936.0,2.0,1,576.0,1,936.0,936.0,3,1.0,93000.0
7.0,1733.0,2.0,2,433.0,2,847.0,847.0,2,2.0,225000.0
6.0,1489.0,1.0,3,240.0,3,778.0,944.0,3,2.0,139500.0
8.0,1489.0,2.0,2,776.0,2,1489.0,1489.0,2,2.0,232600.0
10.0,2084.0,3.0,0,1220.0,0,2078.0,2084.0,0,2.0,385000.0
5.0,784.0,0.0,3,0.0,3,784.0,784.0,2,1.0,109500.0
7.0,1434.0,2.0,2,527.0,2,1454.0,1434.0,2,2.0,189000.0
5.0,2126.0,2.0,3,538.0,3,1013.0,1160.0,3,2.0,185000.0
7.0,1223.0,2.0,2,480.0,2,600.0,520.0,2,2.0,147400.0
6.0,1392.0,2.0,3,458.0,3,1392.0,1392.0,3,1.0,166000.0
7.0,1200.0,2.0,3,480.0,2,600.0,520.0,2,2.0,151000.0
7.0,1829.0,2.0,2,613.0,2,941.0,941.0,2,2.0,237000.0
6.0,1516.0,2.0,3,472.0,3,1516.0,1516.0,3,1.0,167000.0
5.0,1144.0,2.0,3,456.0,3,1144.0,1144.0,3,1.0,139950.0
4.0,1067.0,2.0,3,436.0,2,1067.0,1067.0,2,2.0,128000.0
5.0,1559.0,2.0,3,812.0,3,1559.0,1559.0,3,1.0,153500.0
6.0,987.0,1.0,3,264.0,3,483.0,483.0,3,1.0,100000.0
5.0,1099.0,1.0,3,352.0,2,1099.0,1099.0,2,1.0,144000.0
5.0,1200.0,1.0,3,240.0,3,768.0,768.0,3,1.0,130500.0
6.0,1482.0,1.0,3,400.0,3,672.0,810.0,1,2.0,140000.0
5.0,1539.0,2.0,3,686.0,3,650.0,958.0,2,2.0,157500.0
6.0,1165.0,2.0,3,490.0,3,1127.0,1165.0,3,1.0,174900.0
5.0,1800.0,0.0,3,0.0,3,1800.0,1800.0,3,2.0,141000.0
5.0,1416.0,3.0,3,720.0,3,876.0,876.0,3,1.0,153900.0
5.0,1701.0,2.0,3,611.0,2,1390.0,1701.0,3,2.0,171000.0
7.0,1775.0,2.0,2,425.0,2,740.0,1006.0,2,2.0,213000.0
5.0,864.0,1.0,3,338.0,3,864.0,864.0,3,1.0,133500.0
6.0,2358.0,2.0,3,360.0,3,907.0,1307.0,3,3.0,240000.0
6.0,1855.0,2.0,2,512.0,3,528.0,1094.0,3,2.0,187000.0
6.0,848.0,2.0,2,420.0,2,848.0,848.0,2,1.0,131500.0
8.0,1456.0,2.0,2,400.0,2,1273.0,1456.0,2,2.0,215000.0
7.0,1646.0,1.0,3,240.0,3,918.0,918.0,3,2.0,164000.0
6.0,1445.0,2.0,3,645.0,3,1127.0,1445.0,3,1.0,158000.0
5.0,1779.0,2.0,3,454.0,3,1763.0,1779.0,3,1.0,170000.0
5.0,1040.0,1.0,3,260.0,3,1040.0,1040.0,3,1.0,127000.0
6.0,1026.0,2.0,3,576.0,2,940.0,1026.0,3,1.0,147000.0
6.0,1481.0,2.0,3,343.0,2,702.0,702.0,3,2.0,174000.0
7.0,1370.0,2.0,3,479.0,2,1090.0,1370.0,3,2.0,152000.0
6.0,2654.0,2.0,3,619.0,3,1054.0,1512.0,2,2.0,250000.0
7.0,1426.0,1.0,2,216.0,3,912.0,912.0,2,1.0,189950.0
5.0,1039.0,2.0,3,504.0,3,1039.0,1039.0,3,1.0,131500.0
6.0,1097.0,2.0,3,480.0,2,1040.0,1097.0,3,2.0,152000.0
5.0,1148.0,1.0,3,672.0,3,1148.0,1148.0,3,1.0,132500.0
7.0,1372.0,2.0,2,529.0,0,1372.0,1372.0,2,2.0,250580.0
5.0,1002.0,2.0,3,902.0,3,1002.0,1002.0,3,1.0,148500.0
8.0,1646.0,3.0,2,870.0,2,1638.0,1646.0,2,2.0,248900.0
4.0,1120.0,2.0,3,544.0,3,1040.0,1120.0,1,1.0,129000.0
5.0,2320.0,2.0,3,672.0,3,0.0,1547.0,3,2.0,169000.0
7.0,1949.0,2.0,2,574.0,2,1050.0,1062.0,2,2.0,236000.0
5.0,894.0,1.0,3,308.0,3,894.0,894.0,3,1.0,109500.0
6.0,1682.0,2.0,3,523.0,2,804.0,804.0,2,2.0,200500.0
5.0,910.0,2.0,2,414.0,3,105.0,910.0,2,1.0,116000.0
5.0,1268.0,1.0,2,288.0,3,832.0,1036.0,3,1.0,133000.0
5.0,1131.0,1.0,3,200.0,3,676.0,676.0,3,1.0,66500.0
8.0,2610.0,2.0,2,550.0,2,1184.0,1184.0,0,2.0,303477.0
4.0,1040.0,2.0,3,648.0,3,1064.0,1040.0,3,1.0,132250.0
9.0,2224.0,3.0,2,738.0,0,1462.0,1462.0,0,2.0,350000.0
5.0,1155.0,2.0,3,576.0,3,1109.0,1155.0,2,1.0,148000.0
5.0,864.0,1.0,2,336.0,3,864.0,864.0,3,1.0,136500.0
5.0,1090.0,2.0,3,450.0,0,1090.0,1090.0,3,1.0,157000.0
7.0,1717.0,2.0,2,400.0,2,1156.0,1187.0,2,2.0,187500.0
6.0,1593.0,2.0,3,389.0,2,808.0,808.0,3,2.0,178000.0
4.0,2230.0,1.0,2,440.0,3,795.0,954.0,3,1.0,118500.0
5.0,892.0,1.0,3,288.0,3,892.0,892.0,3,1.0,100000.0
9.0,1709.0,2.0,2,506.0,0,1698.0,1709.0,2,2.0,328900.0
5.0,1712.0,2.0,3,588.0,3,1626.0,1712.0,3,2.0,145000.0
5.0,1393.0,1.0,3,300.0,3,816.0,872.0,3,1.0,135500.0
8.0,2217.0,2.0,2,621.0,3,2217.0,2217.0,2,2.0,268000.0
6.0,1505.0,2.0,3,505.0,3,1505.0,1505.0,3,1.0,149500.0
5.0,924.0,2.0,3,576.0,3,672.0,672.0,3,1.0,122900.0
6.0,1683.0,2.0,3,440.0,3,918.0,918.0,3,2.0,172500.0
6.0,1068.0,1.0,3,264.0,3,1059.0,1068.0,3,1.0,154500.0
5.0,1383.0,1.0,3,354.0,2,1383.0,1383.0,3,1.0,165000.0
5.0,1535.0,2.0,3,400.0,3,0.0,1535.0,3,2.0,118858.0
6.0,1796.0,2.0,3,483.0,3,780.0,983.0,3,1.0,140000.0
4.0,951.0,1.0,3,327.0,3,951.0,951.0,3,1.0,106500.0
5.0,2240.0,2.0,3,528.0,3,0.0,1120.0,3,2.0,142953.0
9.0,2364.0,3.0,0,820.0,0,2330.0,2364.0,0,2.0,611657.0
5.0,1236.0,1.0,3,288.0,3,912.0,1236.0,3,1.0,135000.0
4.0,858.0,1.0,3,684.0,3,858.0,858.0,3,1.0,110000.0
5.0,1306.0,1.0,3,756.0,3,992.0,1306.0,3,1.0,153000.0
7.0,1509.0,2.0,2,393.0,2,783.0,807.0,2,2.0,180000.0
7.0,1670.0,3.0,2,690.0,2,1670.0,1670.0,2,2.0,240000.0
5.0,902.0,1.0,3,288.0,3,876.0,902.0,3,1.0,125500.0
5.0,1063.0,1.0,3,280.0,3,1056.0,1063.0,3,1.0,128000.0
8.0,1636.0,3.0,2,865.0,2,1623.0,1636.0,2,2.0,255000.0
7.0,2057.0,1.0,2,180.0,2,1017.0,1020.0,2,1.0,250000.0
5.0,902.0,2.0,3,484.0,2,864.0,902.0,3,1.0,131000.0
6.0,1484.0,2.0,2,390.0,2,742.0,742.0,2,2.0,174000.0
5.0,2274.0,2.0,3,480.0,3,1105.0,1105.0,3,2.0,154300.0
5.0,1268.0,1.0,3,252.0,2,1268.0,1268.0,2,1.0,143500.0
5.0,1015.0,1.0,3,450.0,3,768.0,1015.0,3,1.0,88000.0
5.0,2002.0,3.0,3,871.0,3,1001.0,1001.0,3,2.0,145000.0
6.0,1224.0,2.0,2,528.0,2,612.0,612.0,2,2.0,173733.0
4.0,1092.0,1.0,3,286.0,3,546.0,546.0,3,1.0,75000.0
2.0,480.0,1.0,3,308.0,3,480.0,480.0,3,0.0,35311.0
4.0,1229.0,1.0,3,284.0,3,1134.0,1229.0,3,1.0,135000.0
7.0,2127.0,3.0,2,833.0,0,1104.0,912.0,2,2.0,238000.0
6.0,1414.0,2.0,0,601.0,2,1184.0,1414.0,3,1.0,176500.0
6.0,1721.0,2.0,2,471.0,2,928.0,936.0,2,2.0,201000.0
5.0,2200.0,0.0,3,0.0,3,1272.0,1272.0,3,2.0,145900.0
6.0,1316.0,2.0,2,397.0,2,1316.0,1316.0,2,2.0,169990.0
6.0,1617.0,2.0,2,533.0,2,1604.0,1617.0,2,2.0,193000.0
6.0,1686.0,2.0,3,612.0,2,1686.0,1686.0,3,2.0,207500.0
5.0,1126.0,2.0,3,540.0,2,1126.0,1126.0,0,2.0,175000.0
8.0,2374.0,3.0,2,656.0,2,1181.0,1234.0,0,2.0,285000.0
7.0,1978.0,2.0,3,486.0,3,832.0,1098.0,3,2.0,176000.0
8.0,1788.0,2.0,2,522.0,2,1753.0,1788.0,0,2.0,236500.0
7.0,2236.0,2.0,3,642.0,2,964.0,993.0,2,2.0,222000.0
8.0,1466.0,3.0,2,610.0,2,1466.0,1466.0,2,2.0,201000.0
5.0,925.0,1.0,3,429.0,3,925.0,925.0,3,1.0,117500.0
9.0,1905.0,3.0,0,788.0,0,1905.0,1905.0,0,2.0,320000.0
7.0,1500.0,2.0,2,570.0,2,1500.0,1500.0,2,2.0,190000.0
7.0,2069.0,2.0,3,505.0,2,585.0,2069.0,2,2.0,242000.0
4.0,747.0,2.0,3,528.0,1,600.0,747.0,3,1.0,79900.0
7.0,1200.0,2.0,2,555.0,2,1176.0,1200.0,2,2.0,184900.0
7.0,1971.0,2.0,2,689.0,2,1113.0,1113.0,2,2.0,253000.0
7.0,1962.0,3.0,2,868.0,2,1391.0,1391.0,2,2.0,239799.0
7.0,2403.0,1.0,3,349.0,3,1032.0,1207.0,3,2.0,244400.0
6.0,1728.0,2.0,3,574.0,3,1728.0,1728.0,3,2.0,150900.0
7.0,2060.0,2.0,2,390.0,2,992.0,1022.0,2,2.0,214000.0
4.0,1440.0,0.0,3,0.0,2,1440.0,1440.0,3,2.0,150000.0
5.0,1632.0,2.0,3,576.0,3,1632.0,1632.0,3,2.0,143000.0
6.0,1344.0,2.0,3,525.0,3,819.0,1344.0,2,1.0,137500.0
5.0,1869.0,2.0,3,456.0,3,1088.0,1188.0,3,1.0,124900.0
5.0,1144.0,1.0,3,796.0,3,1144.0,1144.0,3,1.0,143000.0
8.0,1629.0,3.0,2,808.0,2,1616.0,1629.0,2,2.0,270000.0
7.0,1776.0,2.0,2,474.0,2,936.0,936.0,2,2.0,192500.0
6.0,1381.0,2.0,3,676.0,3,1161.0,1381.0,2,1.0,197500.0
5.0,864.0,2.0,3,720.0,3,864.0,864.0,2,1.0,129000.0
5.0,965.0,1.0,3,300.0,3,828.0,965.0,3,1.0,119900.0
5.0,768.0,1.0,3,396.0,2,768.0,768.0,3,1.0,133900.0
5.0,1968.0,2.0,3,530.0,3,784.0,1168.0,3,2.0,172000.0
6.0,980.0,0.0,3,0.0,2,945.0,980.0,3,2.0,127500.0
6.0,1958.0,2.0,3,492.0,2,979.0,979.0,3,2.0,145000.0
6.0,1229.0,2.0,3,462.0,2,561.0,561.0,3,1.0,124000.0
5.0,1057.0,2.0,3,576.0,3,1057.0,1057.0,3,1.0,132000.0
7.0,1337.0,2.0,2,531.0,2,1337.0,1337.0,2,2.0,185000.0
7.0,1416.0,2.0,2,484.0,2,696.0,696.0,2,2.0,155000.0
5.0,858.0,0.0,3,0.0,3,858.0,858.0,3,1.0,116500.0
6.0,2872.0,2.0,3,619.0,2,1330.0,1542.0,3,2.0,272000.0
6.0,1548.0,2.0,3,440.0,2,804.0,804.0,2,2.0,155000.0
9.0,1800.0,2.0,2,702.0,0,1800.0,1800.0,0,2.0,239000.0
7.0,1894.0,2.0,2,510.0,2,817.0,824.0,2,2.0,214900.0
6.0,1484.0,2.0,2,393.0,2,783.0,783.0,2,2.0,178900.0
5.0,1308.0,1.0,2,256.0,3,728.0,976.0,3,1.0,160000.0
5.0,1098.0,1.0,3,260.0,3,1098.0,1098.0,3,1.0,135000.0
3.0,968.0,0.0,3,0.0,3,600.0,600.0,3,1.0,37900.0
6.0,1095.0,1.0,3,264.0,3,588.0,1095.0,3,1.0,140000.0
4.0,1192.0,0.0,3,0.0,3,720.0,720.0,3,1.0,135000.0
7.0,1626.0,2.0,2,474.0,2,764.0,764.0,2,2.0,173000.0
6.0,918.0,1.0,3,264.0,2,918.0,918.0,3,2.0,99500.0
7.0,1428.0,2.0,2,480.0,2,1428.0,1428.0,2,2.0,182000.0
7.0,2019.0,2.0,3,532.0,2,728.0,1136.0,2,1.0,167500.0
7.0,1382.0,2.0,2,490.0,2,673.0,673.0,2,2.0,165000.0
4.0,869.0,0.0,3,0.0,2,440.0,869.0,1,1.0,85500.0
7.0,1241.0,2.0,2,569.0,2,1241.0,1241.0,2,1.0,199900.0
4.0,894.0,2.0,3,400.0,3,894.0,894.0,3,1.0,110000.0
5.0,1121.0,2.0,3,480.0,3,1121.0,1121.0,3,1.0,139000.0
7.0,999.0,2.0,0,588.0,3,944.0,999.0,0,1.0,178400.0
8.0,2612.0,3.0,2,676.0,2,1225.0,1276.0,2,2.0,336000.0
7.0,1266.0,2.0,2,388.0,2,1266.0,1266.0,2,2.0,159895.0
8.0,2290.0,2.0,2,779.0,2,1128.0,1149.0,2,2.0,255900.0
5.0,1734.0,2.0,3,539.0,3,0.0,1302.0,2,2.0,126000.0
5.0,1164.0,1.0,3,240.0,3,1164.0,1164.0,3,1.0,125000.0
6.0,1635.0,1.0,3,255.0,3,485.0,1001.0,2,1.0,117000.0
9.0,1940.0,3.0,0,606.0,0,1930.0,1940.0,0,2.0,395192.0
6.0,2030.0,2.0,3,551.0,3,848.0,1118.0,2,2.0,195000.0
7.0,1576.0,2.0,2,614.0,2,770.0,778.0,2,2.0,197000.0
8.0,2392.0,3.0,2,870.0,2,1396.0,1407.0,2,2.0,348000.0
8.0,1742.0,2.0,2,424.0,3,916.0,916.0,2,1.0,168000.0
6.0,1851.0,2.0,3,440.0,3,822.0,1020.0,2,2.0,187000.0
6.0,1500.0,2.0,3,564.0,2,750.0,750.0,2,2.0,173900.0
10.0,1718.0,3.0,0,786.0,0,1700.0,1718.0,0,2.0,337500.0
4.0,1230.0,1.0,3,305.0,3,747.0,774.0,3,1.0,121600.0
5.0,1050.0,1.0,3,368.0,3,1050.0,1050.0,3,1.0,136500.0
6.0,1442.0,2.0,3,615.0,3,1442.0,1442.0,3,2.0,185000.0
3.0,1077.0,1.0,3,210.0,3,1007.0,1077.0,3,1.0,91000.0
7.0,1208.0,2.0,2,632.0,2,1187.0,1208.0,2,2.0,206000.0
3.0,944.0,2.0,3,528.0,3,0.0,944.0,1,1.0,82000.0
5.0,691.0,1.0,3,216.0,1,691.0,691.0,0,1.0,86000.0
8.0,1574.0,3.0,2,824.0,2,1574.0,1574.0,2,2.0,232000.0
5.0,1680.0,2.0,3,528.0,3,1680.0,1680.0,3,2.0,136905.0
7.0,1504.0,2.0,2,457.0,2,1346.0,1504.0,2,2.0,181000.0
5.0,985.0,1.0,2,328.0,2,985.0,985.0,3,2.0,149900.0
6.0,1657.0,2.0,3,484.0,2,1657.0,1657.0,3,2.0,163500.0
4.0,1092.0,1.0,3,286.0,3,546.0,546.0,3,1.0,88000.0
7.0,1710.0,2.0,2,550.0,0,1710.0,1710.0,2,2.0,240000.0
5.0,1522.0,0.0,3,0.0,3,1008.0,1008.0,3,2.0,102000.0
5.0,1271.0,1.0,3,312.0,3,720.0,720.0,3,2.0,135000.0
5.0,1664.0,0.0,3,0.0,3,0.0,1664.0,3,2.0,100000.0
6.0,1502.0,1.0,3,180.0,3,602.0,900.0,2,1.0,165000.0
5.0,1022.0,1.0,3,280.0,3,1022.0,1022.0,3,1.0,85000.0
6.0,1082.0,1.0,3,240.0,3,1082.0,1082.0,3,1.0,119200.0
8.0,1665.0,2.0,2,528.0,2,810.0,810.0,2,2.0,227000.0
7.0,1504.0,2.0,2,478.0,2,1504.0,1504.0,2,2.0,203000.0
8.0,1360.0,2.0,2,565.0,2,1220.0,1360.0,2,1.0,187500.0
7.0,1472.0,2.0,2,402.0,2,384.0,802.0,2,2.0,160000.0
7.0,1506.0,2.0,2,440.0,2,1362.0,1506.0,2,2.0,213490.0
4.0,1132.0,2.0,3,451.0,2,1132.0,1132.0,2,1.0,176000.0
7.0,1220.0,2.0,2,632.0,2,1199.0,1220.0,2,2.0,194000.0
5.0,1248.0,1.0,3,160.0,3,912.0,912.0,3,1.0,87000.0
7.0,1504.0,2.0,2,437.0,2,1346.0,1504.0,2,2.0,191000.0
8.0,2898.0,2.0,2,665.0,2,1565.0,2898.0,2,2.0,287000.0
5.0,882.0,2.0,3,461.0,3,882.0,882.0,3,1.0,112500.0
5.0,1264.0,2.0,3,461.0,3,1268.0,1264.0,3,1.0,167500.0
8.0,1646.0,3.0,2,800.0,2,1638.0,1646.0,2,2.0,293077.0
5.0,1376.0,1.0,3,240.0,3,768.0,968.0,3,1.0,105000.0
6.0,1218.0,1.0,3,264.0,3,672.0,672.0,3,1.0,118000.0
5.0,1928.0,0.0,3,0.0,3,686.0,948.0,3,2.0,160000.0
7.0,3082.0,2.0,3,672.0,3,824.0,1687.0,3,2.0,197000.0
8.0,2520.0,3.0,2,796.0,2,1338.0,1352.0,2,2.0,310000.0
7.0,1654.0,3.0,2,900.0,2,1654.0,1654.0,2,2.0,230000.0
5.0,954.0,1.0,3,240.0,1,920.0,954.0,1,1.0,119750.0
4.0,845.0,1.0,3,290.0,3,0.0,845.0,3,1.0,84000.0
9.0,1620.0,3.0,2,912.0,0,1620.0,1620.0,0,2.0,315500.0
8.0,2263.0,2.0,2,905.0,2,1055.0,1055.0,2,2.0,287000.0
4.0,1344.0,0.0,3,0.0,3,546.0,798.0,3,1.0,97000.0
4.0,630.0,1.0,3,286.0,2,630.0,630.0,3,1.0,80000.0
5.0,1803.0,2.0,3,484.0,3,1134.0,1803.0,3,2.0,155000.0
6.0,1632.0,2.0,3,484.0,3,800.0,800.0,2,1.0,173000.0
6.0,1306.0,2.0,2,624.0,2,1306.0,1306.0,2,2.0,196000.0
7.0,2329.0,2.0,3,514.0,2,1475.0,1532.0,2,2.0,262280.0
8.0,2524.0,2.0,2,542.0,2,2524.0,2524.0,2,2.0,278000.0
3.0,1733.0,2.0,3,452.0,3,0.0,1733.0,3,2.0,139600.0
9.0,2868.0,3.0,2,716.0,0,1992.0,1992.0,0,3.0,556581.0
5.0,990.0,2.0,3,672.0,2,990.0,990.0,3,1.0,145000.0
5.0,1771.0,2.0,3,336.0,3,0.0,1771.0,3,1.0,115000.0
4.0,930.0,1.0,3,308.0,3,0.0,930.0,2,1.0,84900.0
7.0,1302.0,2.0,2,436.0,2,1302.0,1302.0,2,2.0,176485.0
7.0,1316.0,2.0,2,440.0,2,1316.0,1316.0,2,2.0,200141.0
6.0,1977.0,2.0,3,540.0,3,816.0,1127.0,3,1.0,165000.0
5.0,1526.0,1.0,3,364.0,3,1216.0,1526.0,3,1.0,144500.0
8.0,1989.0,2.0,2,586.0,2,1065.0,1091.0,2,2.0,255000.0
6.0,1523.0,2.0,3,478.0,2,1193.0,1523.0,3,2.0,180000.0
7.0,1364.0,2.0,2,484.0,2,1364.0,1364.0,2,2.0,185850.0
7.0,1850.0,2.0,2,467.0,2,973.0,979.0,2,2.0,248000.0
9.0,2184.0,3.0,0,836.0,0,1104.0,1130.0,0,2.0,335000.0
6.0,1991.0,2.0,3,432.0,3,854.0,1096.0,3,1.0,220000.0
8.0,1338.0,2.0,2,582.0,2,1338.0,1338.0,2,2.0,213500.0
3.0,894.0,3.0,1,1248.0,3,894.0,894.0,3,1.0,81000.0
5.0,2337.0,2.0,3,560.0,3,662.0,1422.0,3,2.0,90000.0
6.0,1103.0,2.0,3,440.0,3,1103.0,1103.0,2,1.0,110500.0
5.0,1154.0,2.0,3,480.0,3,1154.0,1154.0,3,1.0,154000.0
7.0,2260.0,2.0,2,533.0,0,1306.0,1306.0,2,2.0,328000.0
6.0,1571.0,2.0,2,380.0,2,799.0,799.0,3,2.0,178000.0
6.0,1611.0,2.0,3,442.0,3,780.0,798.0,3,1.0,167900.0
6.0,2521.0,2.0,3,576.0,2,942.0,1291.0,3,2.0,151400.0
5.0,893.0,2.0,3,576.0,3,845.0,893.0,2,1.0,135000.0
5.0,1048.0,1.0,3,286.0,3,1048.0,1048.0,3,1.0,135000.0
6.0,1556.0,2.0,3,441.0,3,727.0,829.0,3,1.0,154000.0
5.0,1456.0,1.0,3,280.0,1,810.0,1002.0,3,1.0,91500.0
6.0,1426.0,2.0,3,440.0,3,690.0,698.0,3,1.0,159500.0
7.0,1240.0,3.0,2,826.0,2,1240.0,1240.0,2,2.0,194000.0
7.0,1740.0,1.0,3,240.0,3,800.0,960.0,3,1.0,219500.0
5.0,1466.0,2.0,3,566.0,1,796.0,1096.0,2,2.0,170000.0
5.0,1096.0,1.0,3,299.0,3,1096.0,1096.0,3,1.0,138800.0
6.0,848.0,2.0,2,420.0,2,848.0,848.0,2,1.0,155900.0
5.0,990.0,1.0,3,299.0,2,990.0,990.0,3,1.0,126000.0
6.0,1258.0,2.0,2,528.0,3,1258.0,1258.0,2,2.0,145000.0
5.0,1040.0,1.0,3,308.0,3,1040.0,1040.0,3,1.0,133000.0
7.0,1459.0,2.0,2,527.0,2,1459.0,1459.0,2,2.0,192000.0
6.0,1251.0,1.0,3,461.0,3,1251.0,1251.0,3,1.0,160000.0
6.0,1498.0,2.0,3,409.0,2,691.0,691.0,3,2.0,187500.0
6.0,996.0,2.0,3,564.0,2,936.0,996.0,2,1.0,147000.0
4.0,1092.0,1.0,3,286.0,3,546.0,546.0,3,1.0,83500.0
8.0,1953.0,3.0,2,1043.0,2,1082.0,1082.0,2,2.0,252000.0
7.0,1709.0,2.0,2,380.0,2,970.0,970.0,2,2.0,137500.0
8.0,1247.0,2.0,2,550.0,2,1247.0,1247.0,2,1.0,197000.0
3.0,1040.0,2.0,3,400.0,3,0.0,1040.0,3,2.0,92900.0
7.0,1252.0,2.0,2,462.0,2,600.0,624.0,2,2.0,160000.0
6.0,1694.0,2.0,3,576.0,3,1181.0,1390.0,3,2.0,136500.0
5.0,1200.0,2.0,3,884.0,3,864.0,1200.0,2,1.0,146000.0
5.0,936.0,1.0,3,308.0,3,936.0,936.0,3,1.0,129000.0
6.0,1314.0,2.0,2,440.0,2,1314.0,1314.0,2,2.0,176432.0
6.0,1355.0,0.0,3,0.0,3,684.0,773.0,2,1.0,127000.0
8.0,1088.0,2.0,2,461.0,2,1074.0,1088.0,2,1.0,170000.0
4.0,1324.0,1.0,3,240.0,3,672.0,757.0,3,1.0,128000.0
7.0,1601.0,2.0,3,478.0,2,1271.0,1601.0,3,2.0,157000.0
2.0,438.0,1.0,3,246.0,3,290.0,438.0,1,1.0,60000.0
5.0,950.0,1.0,3,280.0,3,950.0,950.0,3,1.0,119500.0
5.0,1134.0,1.0,3,254.0,3,1010.0,1134.0,3,1.0,135000.0
6.0,1194.0,2.0,3,539.0,3,655.0,1194.0,3,1.0,159500.0
5.0,1302.0,2.0,3,440.0,3,630.0,630.0,3,2.0,106000.0
8.0,2622.0,2.0,2,712.0,0,1463.0,1500.0,2,2.0,325000.0
7.0,1442.0,2.0,2,719.0,2,910.0,1442.0,2,2.0,179900.0
7.0,2021.0,2.0,2,422.0,0,868.0,887.0,2,2.0,274725.0
6.0,1690.0,2.0,3,463.0,2,924.0,948.0,3,2.0,181000.0
8.0,1836.0,3.0,2,862.0,0,1836.0,1836.0,2,2.0,280000.0
6.0,1658.0,2.0,3,431.0,2,773.0,773.0,3,2.0,188000.0
7.0,1964.0,2.0,3,483.0,3,803.0,1098.0,3,2.0,205000.0
5.0,816.0,1.0,3,308.0,3,816.0,816.0,3,1.0,129900.0
5.0,1008.0,1.0,3,240.0,3,1008.0,1008.0,2,1.0,134500.0
5.0,833.0,1.0,3,326.0,3,833.0,833.0,2,1.0,117000.0
8.0,1734.0,3.0,2,928.0,0,1734.0,1734.0,0,2.0,318000.0
8.0,1419.0,2.0,2,527.0,2,408.0,779.0,2,2.0,184100.0
5.0,894.0,2.0,3,450.0,3,894.0,894.0,2,1.0,130000.0
5.0,1601.0,1.0,3,300.0,3,533.0,1021.0,3,1.0,140000.0
5.0,1040.0,1.0,3,286.0,3,1040.0,1040.0,3,1.0,133700.0
6.0,1012.0,1.0,3,308.0,3,1012.0,1012.0,3,1.0,118400.0
7.0,1552.0,3.0,2,782.0,2,1552.0,1552.0,2,2.0,212900.0
4.0,960.0,1.0,3,288.0,3,672.0,960.0,3,1.0,112000.0
5.0,698.0,0.0,3,0.0,3,698.0,698.0,3,1.0,118000.0
7.0,1482.0,2.0,3,392.0,2,384.0,812.0,2,2.0,163900.0
4.0,1005.0,2.0,3,672.0,3,1005.0,1005.0,1,1.0,115000.0
7.0,1555.0,3.0,2,660.0,2,1373.0,1555.0,2,2.0,174000.0
7.0,1530.0,3.0,2,630.0,2,1530.0,1530.0,2,2.0,259000.0
7.0,1959.0,2.0,2,434.0,2,847.0,847.0,2,2.0,215000.0
5.0,936.0,2.0,3,672.0,2,936.0,936.0,3,1.0,140000.0
4.0,1981.0,2.0,3,576.0,3,1122.0,1328.0,2,2.0,135000.0
5.0,974.0,0.0,3,0.0,2,974.0,974.0,3,1.0,93500.0
6.0,2210.0,1.0,3,205.0,3,1008.0,1178.0,1,2.0,117500.0
8.0,2020.0,2.0,2,466.0,2,1128.0,1142.0,2,2.0,239500.0
6.0,1600.0,2.0,3,460.0,2,916.0,916.0,3,2.0,169000.0
6.0,986.0,1.0,3,180.0,3,960.0,986.0,3,1.0,102000.0
6.0,1252.0,1.0,3,288.0,3,1032.0,1032.0,3,1.0,119000.0
5.0,1020.0,0.0,3,0.0,3,780.0,780.0,3,1.0,94000.0
6.0,1567.0,2.0,3,714.0,3,1567.0,1567.0,2,2.0,196000.0
5.0,1167.0,2.0,3,495.0,3,915.0,1167.0,3,1.0,144000.0
5.0,952.0,2.0,3,840.0,3,952.0,952.0,3,1.0,139000.0
5.0,1868.0,2.0,3,484.0,3,780.0,1088.0,2,2.0,197500.0
8.0,2828.0,3.0,2,1052.0,0,1466.0,1466.0,2,3.0,424870.0
5.0,1006.0,0.0,3,0.0,3,1006.0,1006.0,3,1.0,80000.0
4.0,924.0,1.0,3,280.0,2,672.0,672.0,1,1.0,80000.0
5.0,1576.0,1.0,3,225.0,3,1042.0,1042.0,3,1.0,149000.0
6.0,1298.0,2.0,2,403.0,2,1298.0,1298.0,2,2.0,180000.0
7.0,1564.0,1.0,3,234.0,3,704.0,860.0,1,1.0,174500.0
7.0,1111.0,1.0,3,288.0,3,572.0,572.0,3,1.0,116900.0
7.0,1482.0,2.0,3,324.0,3,650.0,832.0,3,1.0,143000.0
6.0,932.0,1.0,3,306.0,3,932.0,932.0,2,1.0,124000.0
5.0,1466.0,2.0,3,528.0,3,1466.0,1466.0,1,1.0,149900.0
6.0,1811.0,2.0,3,470.0,3,1073.0,1811.0,0,1.0,230000.0
6.0,816.0,1.0,2,432.0,3,816.0,816.0,3,1.0,120500.0
7.0,1820.0,2.0,3,492.0,3,864.0,902.0,2,1.0,201800.0
5.0,1437.0,2.0,2,528.0,2,1437.0,1437.0,2,2.0,218000.0
5.0,1265.0,2.0,3,502.0,3,1219.0,1265.0,2,2.0,179900.0
7.0,1314.0,2.0,2,626.0,2,1314.0,1314.0,2,2.0,230000.0
8.0,1580.0,3.0,2,830.0,2,1580.0,1580.0,2,2.0,235128.0
6.0,1876.0,2.0,2,540.0,3,901.0,943.0,2,2.0,185000.0
6.0,1456.0,2.0,3,440.0,2,855.0,855.0,3,2.0,146000.0
6.0,1640.0,2.0,2,924.0,3,1296.0,1640.0,2,1.0,224000.0
5.0,894.0,2.0,3,450.0,2,894.0,894.0,3,1.0,129000.0
4.0,1258.0,2.0,3,400.0,2,1198.0,1258.0,3,0.0,108959.0
5.0,1432.0,2.0,3,588.0,2,1360.0,1432.0,2,1.0,194000.0
7.0,1502.0,2.0,2,644.0,2,1502.0,1502.0,2,2.0,233170.0
8.0,1694.0,3.0,2,776.0,2,1694.0,1694.0,2,2.0,245350.0
6.0,1671.0,2.0,3,472.0,2,959.0,959.0,3,2.0,173000.0
6.0,2108.0,2.0,3,540.0,3,1127.0,1236.0,2,2.0,235000.0
10.0,3627.0,3.0,2,807.0,0,1930.0,1831.0,2,3.0,625000.0
6.0,1118.0,1.0,3,358.0,3,1096.0,1118.0,3,1.0,171000.0
6.0,1261.0,2.0,3,433.0,3,1261.0,1261.0,3,1.0,163000.0
7.0,1250.0,2.0,2,625.0,2,625.0,625.0,2,2.0,171900.0
5.0,3086.0,0.0,3,0.0,3,1598.0,1636.0,0,3.0,200500.0
6.0,2345.0,2.0,3,360.0,2,952.0,1170.0,3,2.0,239000.0
8.0,2872.0,2.0,2,541.0,2,1683.0,2129.0,2,2.0,285000.0
5.0,923.0,1.0,3,264.0,3,876.0,923.0,3,1.0,119500.0
6.0,1224.0,1.0,3,210.0,3,818.0,818.0,3,1.0,115000.0
5.0,1343.0,1.0,3,186.0,3,731.0,820.0,3,1.0,154900.0
5.0,1124.0,0.0,3,0.0,3,0.0,1124.0,3,1.0,93000.0
7.0,2514.0,2.0,3,693.0,2,1216.0,1298.0,3,2.0,250000.0
8.0,1652.0,2.0,0,482.0,0,1600.0,1652.0,2,2.0,392500.0
10.0,4476.0,3.0,2,813.0,0,2396.0,2411.0,0,3.0,745000.0
5.0,1130.0,2.0,3,720.0,3,1120.0,1130.0,3,1.0,120000.0
5.0,1572.0,3.0,3,995.0,3,1572.0,1572.0,3,1.0,186700.0
5.0,1221.0,1.0,3,392.0,3,784.0,949.0,3,1.0,104900.0
3.0,1699.0,2.0,3,420.0,1,978.0,1014.0,3,2.0,95000.0
8.0,1624.0,3.0,2,757.0,2,1624.0,1624.0,2,2.0,262000.0
7.0,1660.0,2.0,2,493.0,2,831.0,831.0,2,2.0,195000.0
7.0,1804.0,2.0,3,442.0,3,994.0,1028.0,2,2.0,189000.0
4.0,1622.0,4.0,3,1356.0,3,1249.0,1622.0,3,1.0,168000.0
8.0,1441.0,2.0,2,492.0,2,776.0,764.0,2,2.0,174000.0
5.0,1472.0,1.0,3,250.0,3,702.0,842.0,2,1.0,125000.0
6.0,1224.0,2.0,3,402.0,0,1224.0,1224.0,3,2.0,165000.0
6.0,1352.0,1.0,3,299.0,3,663.0,663.0,3,1.0,158000.0
6.0,1456.0,2.0,3,400.0,2,728.0,728.0,2,2.0,176000.0
7.0,1863.0,3.0,2,660.0,2,879.0,879.0,2,2.0,219210.0
7.0,1690.0,1.0,3,225.0,3,815.0,815.0,3,1.0,144000.0
7.0,1212.0,2.0,2,573.0,2,1212.0,1212.0,2,2.0,178000.0
4.0,1382.0,2.0,3,459.0,3,1051.0,1382.0,3,1.0,148000.0
4.0,864.0,1.0,3,280.0,3,864.0,864.0,3,1.0,116050.0
7.0,1779.0,2.0,3,546.0,2,866.0,866.0,2,2.0,197900.0
5.0,1348.0,1.0,3,216.0,3,884.0,884.0,3,1.0,117000.0
7.0,1630.0,2.0,2,451.0,2,1630.0,1630.0,2,2.0,213000.0
5.0,1074.0,2.0,3,495.0,2,1056.0,1074.0,3,1.0,153500.0
7.0,2196.0,3.0,2,701.0,2,2158.0,2196.0,2,2.0,271900.0
4.0,1056.0,1.0,3,384.0,3,1056.0,1056.0,3,1.0,107000.0
6.0,1700.0,2.0,2,544.0,2,1682.0,1700.0,2,2.0,200000.0
5.0,1283.0,2.0,3,506.0,3,931.0,1283.0,3,1.0,140000.0
8.0,1660.0,2.0,2,500.0,0,1660.0,1660.0,2,2.0,290000.0
6.0,1845.0,2.0,2,462.0,2,1055.0,1055.0,2,2.0,189000.0
8.0,1752.0,2.0,2,492.0,2,559.0,1080.0,3,2.0,164000.0
4.0,672.0,1.0,3,234.0,3,672.0,672.0,3,1.0,113000.0
4.0,960.0,1.0,3,364.0,3,648.0,960.0,3,0.0,145000.0
5.0,999.0,1.0,3,300.0,3,925.0,999.0,3,1.0,134500.0
5.0,894.0,1.0,3,384.0,3,894.0,894.0,3,1.0,125000.0
6.0,1902.0,2.0,3,539.0,3,0.0,1318.0,3,2.0,112000.0
8.0,1314.0,2.0,2,552.0,2,1300.0,1314.0,2,2.0,229456.0
4.0,912.0,0.0,3,0.0,3,0.0,672.0,3,1.0,80500.0
6.0,1218.0,0.0,3,0.0,3,672.0,672.0,3,1.0,91500.0
5.0,912.0,1.0,3,288.0,3,912.0,912.0,3,1.0,115000.0
5.0,1211.0,1.0,3,322.0,3,952.0,1211.0,3,1.0,134000.0
6.0,1846.0,1.0,3,315.0,3,1040.0,1168.0,3,2.0,143000.0
5.0,2136.0,2.0,3,528.0,3,2136.0,2136.0,3,2.0,137900.0
7.0,1490.0,2.0,2,388.0,2,788.0,788.0,2,2.0,184000.0
6.0,1138.0,1.0,3,264.0,3,588.0,1138.0,3,1.0,145000.0
6.0,1933.0,3.0,2,668.0,2,894.0,894.0,2,2.0,214000.0
5.0,912.0,2.0,3,576.0,3,912.0,912.0,2,1.0,147000.0
9.0,1702.0,3.0,0,1052.0,0,1702.0,1702.0,0,1.0,367294.0
5.0,1507.0,1.0,3,404.0,3,1075.0,1507.0,3,2.0,127000.0
5.0,2620.0,2.0,3,600.0,2,1361.0,1361.0,3,2.0,190000.0
5.0,1190.0,2.0,3,540.0,3,1106.0,1190.0,3,1.0,132500.0
4.0,1224.0,2.0,3,462.0,3,0.0,1224.0,3,2.0,101800.0
5.0,1188.0,2.0,3,531.0,3,1188.0,1188.0,3,1.0,142000.0
5.0,1964.0,0.0,3,0.0,3,940.0,1024.0,3,1.0,130000.0
5.0,1784.0,1.0,3,180.0,2,747.0,892.0,3,1.0,138887.0
7.0,1626.0,2.0,2,474.0,2,764.0,764.0,2,2.0,175500.0
7.0,1948.0,2.0,2,434.0,2,847.0,847.0,2,2.0,195000.0
6.0,1141.0,2.0,2,484.0,2,1141.0,1141.0,3,1.0,142500.0
8.0,1484.0,2.0,2,472.0,2,1476.0,1484.0,0,2.0,265900.0
7.0,1768.0,2.0,2,543.0,2,884.0,884.0,2,2.0,224900.0
7.0,1689.0,3.0,2,954.0,2,1689.0,1689.0,2,2.0,248328.0
7.0,1173.0,2.0,3,528.0,2,1053.0,1173.0,2,2.0,170000.0
10.0,2076.0,3.0,0,850.0,0,2076.0,2076.0,0,2.0,465000.0
8.0,1517.0,2.0,3,400.0,2,792.0,792.0,2,1.0,230000.0
6.0,1868.0,2.0,3,477.0,2,585.0,1140.0,3,3.0,178000.0
7.0,1553.0,2.0,2,615.0,2,756.0,756.0,2,2.0,186500.0
6.0,1034.0,3.0,3,888.0,3,1012.0,1034.0,3,1.0,169900.0
6.0,2058.0,2.0,3,396.0,2,735.0,1134.0,3,1.0,129500.0
5.0,988.0,1.0,3,276.0,3,876.0,988.0,3,1.0,119000.0
7.0,2110.0,2.0,2,522.0,3,2110.0,2110.0,0,2.0,244000.0
7.0,1405.0,2.0,2,478.0,2,1405.0,1405.0,2,2.0,171750.0
5.0,874.0,1.0,3,288.0,3,864.0,874.0,3,1.0,130000.0
7.0,2167.0,2.0,2,518.0,3,1192.0,1516.0,2,2.0,294000.0
7.0,1656.0,2.0,2,397.0,2,746.0,760.0,2,2.0,165400.0
6.0,1367.0,1.0,3,560.0,3,884.0,959.0,3,1.0,127500.0
8.0,1987.0,2.0,2,691.0,2,1986.0,1987.0,2,2.0,301500.0
5.0,864.0,0.0,3,0.0,1,864.0,864.0,3,1.0,99900.0
7.0,1166.0,2.0,2,400.0,2,856.0,1166.0,2,2.0,190000.0
6.0,1054.0,2.0,3,460.0,2,1054.0,1054.0,3,1.0,151000.0
6.0,1675.0,2.0,3,502.0,2,841.0,892.0,3,2.0,181000.0
5.0,1050.0,1.0,3,338.0,3,1050.0,1050.0,3,1.0,128900.0
4.0,1788.0,1.0,3,304.0,3,1104.0,1104.0,3,1.0,161500.0
6.0,1824.0,2.0,3,520.0,3,764.0,1060.0,3,1.0,180500.0
6.0,1337.0,2.0,2,511.0,2,1405.0,1337.0,2,2.0,181000.0
7.0,1452.0,2.0,2,506.0,2,691.0,713.0,2,2.0,183900.0
7.0,1889.0,1.0,1,308.0,3,925.0,964.0,3,1.0,122000.0
9.0,2018.0,3.0,0,746.0,0,2002.0,2018.0,0,2.0,378500.0
8.0,3447.0,3.0,3,1014.0,3,728.0,1968.0,2,3.0,381000.0
5.0,1524.0,1.0,3,315.0,3,874.0,874.0,3,1.0,144000.0
7.0,1524.0,2.0,2,586.0,2,1332.0,1332.0,2,0.0,260000.0
6.0,1489.0,2.0,3,462.0,3,1489.0,1489.0,2,2.0,185750.0
5.0,935.0,1.0,3,288.0,3,935.0,935.0,3,1.0,137000.0
6.0,1357.0,1.0,3,312.0,3,1019.0,1357.0,0,1.0,177000.0
5.0,1250.0,2.0,3,552.0,3,661.0,661.0,3,2.0,139000.0
5.0,1920.0,2.0,3,400.0,3,928.0,928.0,3,2.0,137000.0
6.0,1395.0,2.0,3,497.0,3,723.0,735.0,3,1.0,162000.0
6.0,1724.0,2.0,3,480.0,2,1680.0,1724.0,3,1.0,197900.0
8.0,2031.0,2.0,2,577.0,2,1128.0,1128.0,2,2.0,237000.0
4.0,1128.0,2.0,3,528.0,3,698.0,698.0,3,1.0,68400.0
7.0,1573.0,2.0,2,544.0,2,1573.0,1573.0,2,2.0,227000.0
7.0,1339.0,2.0,3,484.0,2,1309.0,1339.0,3,2.0,180000.0
5.0,1040.0,2.0,3,484.0,2,1040.0,1040.0,2,2.0,150500.0
6.0,1824.0,0.0,3,0.0,3,912.0,912.0,3,2.0,139000.0
6.0,2447.0,1.0,3,336.0,3,804.0,1699.0,2,2.0,169000.0
6.0,1412.0,1.0,3,280.0,3,780.0,825.0,3,1.0,132500.0
6.0,1328.0,2.0,3,528.0,3,1328.0,1328.0,3,1.0,143000.0
5.0,1582.0,2.0,3,390.0,3,1624.0,1582.0,3,2.0,190000.0
8.0,1659.0,2.0,2,499.0,2,1501.0,1659.0,0,2.0,278000.0
8.0,1970.0,3.0,2,753.0,2,1085.0,1120.0,0,2.0,281000.0
5.0,1152.0,2.0,3,484.0,3,1152.0,1152.0,3,1.0,180500.0
5.0,1302.0,1.0,3,264.0,3,630.0,630.0,3,2.0,119500.0
5.0,2372.0,1.0,3,432.0,3,994.0,1378.0,3,2.0,107500.0
7.0,1664.0,2.0,3,528.0,2,832.0,832.0,3,2.0,162900.0
5.0,864.0,2.0,3,572.0,3,864.0,864.0,3,1.0,115000.0
5.0,1052.0,1.0,3,288.0,3,1052.0,1052.0,3,1.0,138500.0
5.0,1128.0,2.0,3,525.0,3,1120.0,1128.0,3,2.0,155000.0
6.0,1072.0,2.0,3,525.0,2,547.0,1072.0,3,2.0,140000.0
10.0,5642.0,2.0,0,1418.0,0,6110.0,4692.0,0,2.0,160000.0
5.0,1246.0,1.0,3,305.0,3,1246.0,1246.0,2,1.0,154000.0
7.0,1983.0,2.0,2,490.0,2,978.0,1005.0,2,2.0,225000.0
6.0,1494.0,1.0,3,213.0,3,771.0,753.0,2,1.0,177500.0
8.0,2526.0,3.0,2,844.0,2,1165.0,1203.0,2,2.0,290000.0
7.0,1616.0,3.0,2,834.0,2,1616.0,1616.0,2,2.0,232000.0
7.0,1708.0,2.0,2,380.0,2,976.0,976.0,2,2.0,130000.0
9.0,1652.0,2.0,2,840.0,0,1652.0,1652.0,0,2.0,325000.0
7.0,1368.0,2.0,2,474.0,2,1368.0,1368.0,2,2.0,202500.0
5.0,990.0,2.0,3,480.0,2,990.0,990.0,3,1.0,138000.0
5.0,1122.0,2.0,3,528.0,3,924.0,1122.0,2,1.0,147000.0
6.0,1294.0,2.0,3,496.0,2,1278.0,1294.0,2,2.0,179200.0
7.0,1902.0,2.0,2,567.0,2,1902.0,1902.0,0,2.0,335000.0
7.0,1274.0,2.0,2,508.0,2,1274.0,1274.0,2,2.0,203000.0
8.0,2810.0,2.0,2,750.0,0,1453.0,1453.0,2,2.0,302000.0
9.0,2599.0,3.0,2,779.0,2,1393.0,1422.0,2,2.0,333168.0
4.0,948.0,1.0,3,280.0,3,948.0,948.0,3,1.0,119000.0
6.0,2112.0,2.0,3,576.0,1,952.0,1092.0,3,2.0,206900.0
8.0,1630.0,3.0,2,860.0,0,1622.0,1630.0,0,2.0,295493.0
7.0,1352.0,2.0,2,466.0,0,1352.0,1352.0,2,2.0,208900.0
8.0,1787.0,3.0,2,748.0,2,1753.0,1787.0,2,2.0,275000.0
4.0,948.0,1.0,3,248.0,3,864.0,948.0,3,1.0,111000.0
6.0,1478.0,2.0,3,442.0,3,1478.0,1478.0,3,1.0,156500.0
3.0,720.0,1.0,3,287.0,3,0.0,720.0,3,1.0,72500.0
7.0,1923.0,2.0,2,564.0,2,750.0,1061.0,2,2.0,190000.0
4.0,708.0,0.0,1,0.0,3,420.0,708.0,1,1.0,82500.0
8.0,1795.0,3.0,2,895.0,0,1795.0,1795.0,2,2.0,147000.0
4.0,796.0,0.0,3,0.0,3,796.0,796.0,3,1.0,55000.0
3.0,774.0,0.0,3,0.0,3,544.0,774.0,2,1.0,79000.0
5.0,816.0,1.0,2,264.0,3,816.0,816.0,2,1.0,130500.0
6.0,2792.0,2.0,2,520.0,2,1510.0,1584.0,3,2.0,256000.0
7.0,1632.0,2.0,3,462.0,2,935.0,955.0,3,2.0,176500.0
8.0,1588.0,3.0,2,825.0,2,1588.0,1588.0,2,2.0,227000.0
5.0,954.0,2.0,3,576.0,3,911.0,954.0,3,1.0,132500.0
4.0,816.0,1.0,3,288.0,3,816.0,816.0,3,1.0,100000.0
5.0,1360.0,1.0,3,297.0,3,803.0,803.0,2,1.0,125500.0
5.0,1365.0,2.0,3,440.0,3,765.0,765.0,3,1.0,125000.0
6.0,1334.0,2.0,3,630.0,2,1350.0,1334.0,3,2.0,167900.0
5.0,1656.0,2.0,3,506.0,3,1656.0,1656.0,3,2.0,135000.0
4.0,693.0,0.0,3,0.0,3,693.0,693.0,1,1.0,52500.0
7.0,1861.0,2.0,2,492.0,2,916.0,920.0,2,2.0,200000.0
5.0,864.0,1.0,3,288.0,3,864.0,864.0,3,1.0,128500.0
4.0,872.0,4.0,3,480.0,3,858.0,872.0,3,1.0,123000.0
6.0,1114.0,2.0,3,576.0,2,1114.0,1114.0,2,1.0,155000.0
8.0,2169.0,2.0,2,647.0,2,1284.0,1284.0,2,2.0,228500.0
6.0,1913.0,2.0,3,342.0,3,896.0,1172.0,3,1.0,177000.0
7.0,1456.0,2.0,2,440.0,2,728.0,728.0,2,2.0,155835.0
4.0,960.0,1.0,3,308.0,3,960.0,960.0,1,1.0,108500.0
7.0,2156.0,2.0,3,508.0,3,1568.0,2156.0,3,2.0,262500.0
8.0,1776.0,3.0,2,712.0,0,1732.0,1776.0,2,2.0,283463.0
7.0,1494.0,2.0,2,514.0,2,1482.0,1494.0,2,2.0,215000.0
8.0,2358.0,0.0,3,0.0,3,684.0,938.0,3,2.0,122000.0
5.0,2634.0,4.0,3,968.0,3,1248.0,1338.0,3,2.0,200000.0
6.0,1716.0,2.0,3,490.0,3,858.0,858.0,3,1.0,171000.0
6.0,1176.0,2.0,2,624.0,3,698.0,786.0,3,1.0,134900.0
8.0,3238.0,3.0,2,666.0,2,2033.0,2053.0,2,2.0,410000.0
7.0,1865.0,3.0,2,839.0,2,992.0,992.0,2,2.0,235000.0
7.0,1920.0,2.0,3,487.0,3,570.0,1222.0,2,3.0,170000.0
5.0,892.0,1.0,3,264.0,3,864.0,892.0,3,1.0,110000.0
5.0,1078.0,2.0,3,500.0,3,1078.0,1078.0,3,1.0,149900.0
6.0,1573.0,2.0,2,440.0,2,756.0,769.0,2,2.0,177500.0
9.0,1980.0,3.0,2,770.0,0,1980.0,1980.0,0,2.0,315000.0
5.0,2601.0,2.0,3,621.0,3,612.0,990.0,3,3.0,189000.0
7.0,1530.0,2.0,2,430.0,0,1530.0,1530.0,2,2.0,260000.0
4.0,1738.0,1.0,3,368.0,3,715.0,1281.0,3,2.0,104900.0
6.0,1412.0,2.0,3,432.0,2,616.0,616.0,2,2.0,156932.0
7.0,1200.0,2.0,2,480.0,2,600.0,520.0,2,2.0,144152.0
7.0,1674.0,2.0,2,663.0,2,814.0,814.0,2,2.0,216000.0
7.0,1790.0,2.0,2,588.0,2,873.0,882.0,2,2.0,193000.0
5.0,1475.0,1.0,3,336.0,3,757.0,925.0,3,2.0,127000.0
6.0,848.0,2.0,2,420.0,2,848.0,848.0,2,1.0,144000.0
8.0,1668.0,2.0,2,502.0,2,1657.0,1668.0,2,2.0,232000.0
4.0,1374.0,1.0,1,338.0,3,840.0,840.0,3,1.0,105000.0
6.0,1661.0,1.0,3,377.0,3,992.0,1661.0,2,1.0,165500.0
7.0,2097.0,2.0,3,583.0,2,1108.0,1108.0,2,2.0,274300.0
10.0,2633.0,3.0,0,804.0,0,2633.0,2633.0,0,2.0,466500.0
7.0,1958.0,3.0,2,936.0,2,1026.0,1026.0,2,2.0,250000.0
8.0,1571.0,3.0,2,722.0,2,1571.0,1571.0,2,2.0,239000.0
6.0,790.0,1.0,3,160.0,2,768.0,790.0,3,1.0,91000.0
5.0,1604.0,2.0,3,660.0,3,984.0,984.0,3,2.0,117000.0
6.0,987.0,1.0,3,264.0,3,483.0,483.0,3,1.0,83000.0
5.0,1394.0,2.0,3,400.0,2,384.0,754.0,2,2.0,167500.0
3.0,864.0,1.0,3,200.0,3,864.0,864.0,3,1.0,58500.0
6.0,2117.0,2.0,3,550.0,3,1205.0,2117.0,3,2.0,237500.0
7.0,1762.0,2.0,3,576.0,1,596.0,998.0,2,1.0,157000.0
5.0,1416.0,2.0,3,576.0,3,816.0,1416.0,2,2.0,112000.0
6.0,1258.0,1.0,3,280.0,3,560.0,698.0,3,1.0,105000.0
4.0,1154.0,1.0,3,240.0,3,796.0,796.0,2,1.0,125500.0
7.0,2784.0,2.0,3,564.0,2,1392.0,1392.0,2,3.0,250000.0
6.0,2526.0,1.0,3,216.0,3,714.0,1664.0,2,2.0,136000.0
9.0,1746.0,3.0,0,758.0,0,1746.0,1746.0,0,2.0,377500.0
6.0,1218.0,2.0,3,440.0,3,735.0,869.0,3,1.0,131000.0
7.0,1525.0,2.0,2,541.0,2,1525.0,1525.0,2,2.0,235000.0
5.0,1584.0,3.0,3,792.0,3,1584.0,1584.0,3,2.0,124000.0
5.0,900.0,1.0,3,288.0,3,864.0,900.0,3,1.0,123000.0
6.0,1912.0,2.0,3,672.0,1,482.0,1221.0,3,2.0,163000.0
7.0,1500.0,3.0,2,648.0,2,1356.0,1500.0,2,2.0,246578.0
8.0,2482.0,3.0,2,642.0,2,1094.0,1133.0,2,2.0,281213.0
5.0,1687.0,2.0,3,572.0,3,747.0,1687.0,3,1.0,160000.0
5.0,1513.0,1.0,3,180.0,3,939.0,939.0,3,1.0,137500.0
5.0,1904.0,1.0,3,240.0,3,1208.0,1136.0,3,1.0,138000.0
6.0,1608.0,1.0,3,216.0,3,976.0,1160.0,2,2.0,137450.0
6.0,1158.0,1.0,3,208.0,3,862.0,950.0,3,1.0,120000.0
6.0,1593.0,2.0,3,398.0,3,839.0,864.0,3,2.0,193000.0
7.0,1294.0,2.0,2,662.0,2,1286.0,1294.0,2,2.0,193879.0
8.0,1464.0,3.0,2,754.0,2,1485.0,1464.0,2,2.0,282922.0
3.0,1214.0,3.0,3,936.0,3,672.0,694.0,3,1.0,105000.0
8.0,1646.0,2.0,2,482.0,0,1594.0,1646.0,2,2.0,275000.0
5.0,768.0,2.0,3,396.0,2,768.0,768.0,3,1.0,133000.0
5.0,833.0,0.0,3,0.0,3,833.0,833.0,3,1.0,112000.0
4.0,1363.0,2.0,3,528.0,1,622.0,741.0,3,1.0,125500.0
7.0,2093.0,2.0,3,542.0,2,791.0,1236.0,3,2.0,215000.0
7.0,1840.0,2.0,2,622.0,2,944.0,944.0,2,2.0,230000.0
6.0,1668.0,1.0,3,271.0,3,856.0,1112.0,3,1.0,140000.0
4.0,1040.0,2.0,3,420.0,3,0.0,1040.0,3,2.0,90000.0
8.0,1844.0,2.0,2,620.0,2,1844.0,1844.0,2,2.0,257000.0
6.0,1848.0,2.0,3,370.0,3,833.0,1053.0,2,1.0,207000.0
7.0,1569.0,3.0,2,660.0,2,1386.0,1569.0,2,2.0,175900.0
4.0,2290.0,2.0,3,560.0,3,777.0,1246.0,3,2.0,122500.0
8.0,2450.0,3.0,2,1069.0,2,1284.0,1310.0,2,2.0,340000.0
5.0,1144.0,1.0,3,336.0,3,1144.0,1144.0,3,1.0,124000.0
6.0,1844.0,2.0,2,540.0,3,1844.0,1844.0,2,2.0,223000.0
6.0,1416.0,2.0,3,776.0,3,708.0,708.0,3,2.0,179900.0
6.0,1069.0,2.0,3,440.0,2,1069.0,1069.0,3,2.0,127500.0
6.0,848.0,2.0,2,420.0,2,848.0,848.0,2,1.0,136500.0
6.0,2201.0,2.0,2,432.0,2,697.0,1575.0,2,2.0,274970.0
5.0,1344.0,1.0,3,484.0,3,1024.0,1344.0,3,1.0,144000.0
6.0,1252.0,2.0,2,528.0,3,1252.0,1252.0,2,1.0,142000.0
7.0,2127.0,2.0,2,525.0,2,1223.0,1223.0,2,2.0,271000.0
5.0,1558.0,1.0,3,288.0,3,913.0,1048.0,3,1.0,140000.0
5.0,804.0,1.0,3,240.0,3,788.0,804.0,2,1.0,119000.0
6.0,1440.0,2.0,2,467.0,2,1440.0,1440.0,2,2.0,182900.0
5.0,1838.0,2.0,2,372.0,2,732.0,734.0,3,2.0,192140.0
6.0,958.0,2.0,3,440.0,2,958.0,958.0,3,2.0,143750.0
4.0,968.0,1.0,3,216.0,3,656.0,968.0,3,2.0,64500.0
6.0,1792.0,2.0,3,451.0,2,936.0,962.0,3,2.0,186500.0
5.0,1126.0,2.0,3,484.0,3,1126.0,1126.0,3,2.0,160000.0
6.0,1537.0,2.0,2,462.0,3,1319.0,1537.0,2,1.0,174000.0
4.0,864.0,2.0,3,528.0,3,864.0,864.0,3,1.0,120500.0
8.0,1932.0,3.0,0,774.0,0,1932.0,1932.0,0,2.0,394617.0
6.0,1236.0,2.0,3,923.0,3,912.0,1236.0,3,1.0,149700.0
7.0,1725.0,2.0,3,550.0,3,539.0,1040.0,3,2.0,197000.0
6.0,2555.0,2.0,3,672.0,0,588.0,1423.0,3,2.0,191000.0
6.0,848.0,2.0,2,420.0,2,848.0,848.0,2,1.0,149300.0
10.0,2007.0,3.0,0,812.0,0,1017.0,1026.0,0,2.0,310000.0
6.0,952.0,1.0,3,192.0,3,952.0,952.0,1,1.0,121000.0
7.0,1422.0,2.0,2,626.0,2,1422.0,1422.0,2,2.0,179600.0
6.0,913.0,1.0,3,240.0,3,814.0,913.0,3,1.0,129000.0
5.0,1188.0,1.0,3,312.0,3,1188.0,1188.0,3,1.0,157900.0
8.0,2090.0,2.0,2,556.0,2,1220.0,1220.0,2,2.0,240000.0
4.0,1346.0,1.0,3,384.0,1,560.0,796.0,3,1.0,112000.0
5.0,630.0,0.0,3,0.0,2,630.0,630.0,0,1.0,92000.0
5.0,1792.0,0.0,3,0.0,2,896.0,896.0,3,2.0,136000.0
8.0,1578.0,3.0,2,840.0,2,1573.0,1578.0,0,2.0,287090.0
5.0,1072.0,2.0,3,525.0,2,547.0,1072.0,3,1.0,145000.0
5.0,1140.0,0.0,3,0.0,2,1140.0,1140.0,3,1.0,84500.0
7.0,1221.0,2.0,2,400.0,2,1221.0,1221.0,2,2.0,185000.0
6.0,1647.0,2.0,3,460.0,2,953.0,953.0,3,2.0,175000.0
6.0,2073.0,2.0,3,500.0,2,1542.0,2073.0,3,2.0,210000.0
7.0,2340.0,1.0,0,252.0,3,1152.0,1188.0,2,2.0,266500.0
5.0,1078.0,1.0,3,240.0,3,1078.0,1078.0,2,1.0,142125.0
5.0,1256.0,1.0,2,276.0,3,1256.0,1256.0,3,1.0,147500.0
